id,aspect,opinion
1,OPI,是正品
1,OPI,不错的
2,OPI,喜欢
2,ASP,颜色
3,OPI,挺细腻的
4,OPI,还行
5,OPI,不错
6,OPI,很细腻
6,OPI,贴合肤色
6,OPI,很好
7,OPI,特别好用
7,OPI,很喜欢
8,OPI,好评
9,OPI,还可以
10,OPI,不错
11,OPI,不错
11,OPI,没有油腻
11,OPI,很清爽
11,OPI,水润
11,OPI,不错
11,OPI,很清爽
11,OPI,水润
12,ASP,包装
12,OPI,一般
12,OPI,还行
13,OPI,一般般
14,OPI,不错
15,OPI,速度快
15,ASP,包装
15,OPI,很不爽
16,OPI,好用
17,ASP,发货
17,OPI,速度快
18,OPI,很喜欢
18,OPI,很好用
19,OPI,很好
19,OPI,不错
19,OPI,喜欢
20,OPI,自然
20,OPI,不油腻
21,OPI,挺好用
21,OPI,好评
22,OPI,很适合油
23,OPI,很不错
23,OPI,很贴肤细腻
24,OPI,不错
25,OPI,优惠
26,OPI,很好用
26,OPI,太贵了
26,OPI,有点干
27,OPI,真心不错
28,OPI,较慢
28,OPI,油腻
28,OPI,一般
29,OPI,很好用
29,OPI,很温和
30,OPI,还可以
31,OPI,不错
31,OPI,非常好
32,ASP,卸妆
32,OPI,干净
32,OPI,好评
33,OPI,好用
34,OPI,很好
34,OPI,不错
35,OPI,很多
35,OPI,有些不合适
35,OPI,有些痒
35,OPI,很不舒服
36,ASP,快递
36,OPI,很快
37,ASP,速度
37,OPI,很快
37,OPI,很划算
38,OPI,很水润
38,ASP,包装
38,OPI,不错
39,ASP,物流
39,OPI,很快
39,ASP,快递小哥服务
39,OPI,很好
39,OPI,是真的
41,OPI,很好用
41,OPI,不紧绷了
42,OPI,一般
43,OPI,挺好用的
43,ASP,酒精味重
44,ASP,到货
44,OPI,很喜欢
45,OPI,很好
46,OPI,还可以
47,OPI,非常不错
47,OPI,没有刺鼻
47,ASP,味道
47,OPI,很温和
48,OPI,还行
48,OPI,不错
49,ASP,盒子
49,OPI,没有
49,OPI,太垃圾
50,OPI,淡淡的
50,ASP,香味
50,OPI,还不错
50,OPI,不提供
50,ASP,发票
50,OPI,不方便
51,OPI,不错
52,OPI,好用
52,OPI,显白
52,OPI,不油腻
53,OPI,好不好用
53,ASP,价格
53,OPI,挺便宜
54,OPI,不错
54,ASP,快递速度
54,ASP,快递小哥
54,OPI,点赞
55,OPI,很不错
56,OPI,很喜欢
57,OPI,不怎么好用
58,OPI,不怎么好用
59,OPI,亲肤柔和
59,OPI,满意
60,OPI,辣眼睛
61,OPI,非常好
61,OPI,很滑
61,OPI,很嫩
63,OPI,不好用
65,OPI,很适合
65,OPI,不错
66,OPI,不错
67,ASP,物流
67,OPI,很快
69,ASP,物流
69,OPI,非常快
69,ASP,包装
69,OPI,不错
70,ASP,快递
70,OPI,给力
71,OPI,还可以
72,OPI,保湿
72,OPI,滋润
72,OPI,挺好的
73,ASP,包装
73,OPI,很一般
74,OPI,过敏
75,OPI,不怎么滴
76,OPI,真心不错
76,ASP,活动
76,OPI,非常划算
76,OPI,有好
76,OPI,温和
76,OPI,不刺激
77,OPI,很好用
78,OPI,好评
79,ASP,价格
79,OPI,便宜
79,ASP,性价比
79,ASP,包装
79,OPI,不错
79,OPI,还可以
80,ASP,包装
80,OPI,很好
80,ASP,快递
81,OPI,还不错
82,OPI,很好用的
83,OPI,不错
83,ASP,物流
83,OPI,很快
84,OPI,还行
85,OPI,还不错
86,OPI,设计
86,OPI,很喜欢
87,OPI,很好用
87,ASP,修复
87,OPI,光光滑的
87,OPI,超喜欢
88,ASP,速度
88,OPI,很快
88,OPI,水润润
88,OPI,好评
89,OPI,很温和
89,OPI,很清爽
89,OPI,不紧绷
89,OPI,很划算
90,OPI,非常好用
91,OPI,不错
92,OPI,挺好的
92,OPI,不错
93,OPI,不是很喜欢
93,ASP,味道
94,OPI,很好用
94,ASP,味道
94,OPI,特别好闻
94,OPI,很细腻
95,ASP,价格
95,OPI,优惠
95,OPI,满意
96,OPI,挺好的
97,OPI,特别滑
97,ASP,精华液
97,OPI,挺多
97,OPI,好评
98,ASP,包装
98,OPI,精美
98,ASP,价格
98,OPI,实惠
99,OPI,很不错
99,OPI,非常喜欢
99,ASP,赠品
99,ASP,快递
99,OPI,给力的
100,ASP,补水效果
100,OPI,较好
101,ASP,补水效果
101,OPI,特别好
101,OPI,特别水润
102,ASP,性价比
102,OPI,还可以
103,ASP,味道
103,OPI,淡淡的
103,OPI,不油腻
103,OPI,新的旧
103,ASP,包装
104,OPI,很喜欢
104,OPI,水水的
105,OPI,可以
105,OPI,便宜
105,OPI,实惠
106,OPI,还可以
107,ASP,活动
107,OPI,超级好用
108,OPI,很不错
108,ASP,隔离
109,OPI,不错
110,OPI,很好用
111,ASP,味道
112,OPI,补水
112,OPI,还不错
112,ASP,性价比
112,OPI,很高
113,OPI,是正品
113,ASP,香味
113,OPI,浓郁
113,ASP,遮瑕效果
113,OPI,非常好
114,ASP,保湿效果
114,OPI,不错
114,OPI,挺好用的
115,OPI,非常好用
116,OPI,很好用
117,OPI,值得信赖
118,ASP,无流
118,OPI,很快
118,OPI,挺好的
119,ASP,价格
119,OPI,合适
119,OPI,不贵
120,OPI,是正品
120,ASP,性价比
120,OPI,最高
120,OPI,很好用
120,ASP,物流
120,OPI,很快
121,OPI,挺好的
121,OPI,不错
122,OPI,挺好的
123,ASP,味道
123,OPI,真的不好闻
123,OPI,很次
123,OPI,滑石粉
124,OPI,可以
125,OPI,很好用
126,OPI,好用
126,OPI,好用
126,OPI,还不贵
127,OPI,不错
127,OPI,好用
128,OPI,好用
129,OPI,还可以吧
130,OPI,好些
131,OPI,物美价廉
131,ASP,发货
131,ASP,盒子
131,OPI,很漂亮
132,ASP,活动
133,OPI,不好
134,OPI,一般般
135,ASP,物流
136,OPI,一点
136,ASP,赠品
136,OPI,没有
136,ASP,价格
136,OPI,差不多
137,OPI,好用
137,OPI,超级好用
137,OPI,不干
137,OPI,很舒服
138,OPI,不紧水份多
138,ASP,价格
138,OPI,便宜
139,OPI,大爱大爱
139,OPI,大爱大爱
139,OPI,超级补水
139,OPI,超级划算
139,OPI,五星好评
141,ASP,送货
142,OPI,很好用
142,ASP,补水效果
142,OPI,很好
142,OPI,滋润
142,OPI,服帖
142,OPI,完美
143,OPI,很喜欢
143,ASP,补水
143,OPI,特别好
144,OPI,挺实惠
144,OPI,蛮好用
144,OPI,很滋润
145,ASP,物流
145,OPI,很快
145,OPI,很好用
145,ASP,赠品
146,ASP,物流
146,OPI,杠杠的
146,ASP,包装
146,OPI,不错
147,OPI,特别轻薄
147,OPI,透气
147,OPI,补水
148,OPI,还可以
149,ASP,补水效果
149,OPI,特别好
150,OPI,还可以
150,ASP,吸收效果
150,OPI,不是太好
151,OPI,很好
151,OPI,补水的
152,OPI,好评
153,OPI,不是太喜欢
154,OPI,超级不错
154,OPI,细腻
154,OPI,不起
154,ASP,配送员服务
154,OPI,超好
154,OPI,点赞
155,OPI,搓泥
155,OPI,适合油
155,OPI,适合油性肌肤
156,OPI,经济
156,OPI,实惠
156,ASP,送货速度
157,OPI,很好用
159,ASP,遮暇力度
159,OPI,不油腻
159,ASP,上妆
159,OPI,服帖
159,OPI,超高
159,OPI,喜欢
160,OPI,是正品
161,OPI,不错
162,OPI,很好用
162,OPI,很实惠
163,OPI,挺好
163,ASP,物流
163,OPI,很快
163,ASP,价格
163,OPI,实惠
164,OPI,挺好用的
164,ASP,卸妆
164,OPI,很温和
164,OPI,很清爽
164,OPI,不伤皮肤
165,ASP,包装
165,ASP,十分
165,OPI,不好
166,OPI,很喜欢
166,ASP,物流速度
166,OPI,不错
167,OPI,很喜欢
167,ASP,物流速度
167,OPI,不错
168,OPI,挺好用的
169,OPI,非常不错
169,OPI,实惠
170,OPI,挺好用的
170,OPI,挺滋润的
171,OPI,好评
171,OPI,好用
173,OPI,不怎么好用
174,OPI,收快
174,OPI,超级滋润
174,ASP,活动
174,OPI,给力
175,ASP,包装
175,ASP,盒子
176,OPI,不错
176,OPI,很好闻
176,OPI,很好
178,OPI,有点点卡粉
178,OPI,不咋个
178,ASP,遮瑕
179,OPI,一如既往的好
180,OPI,挺满意的
180,OPI,还不错
180,ASP,补水效果
180,OPI,挺好的
180,OPI,有点紧绷？
181,OPI,超所值
181,OPI,物聊
181,OPI,超快
182,OPI,容易推开
182,OPI,不油腻
183,OPI,很好
183,OPI,不过敏
183,OPI,很保湿
183,OPI,不油腻
184,OPI,还不错
184,ASP,遮盖
184,OPI,挺干的
185,OPI,很好用
185,OPI,正品
186,OPI,不错的
186,OPI,比较优惠
187,OPI,不错
188,ASP,物流速度
188,OPI,是快
188,OPI,非常不错
189,ASP,保湿效果
189,OPI,很好
190,OPI,特别好用
191,OPI,很滋润
191,OPI,不脱妆
191,OPI,挺好用的
192,ASP,价格
192,OPI,合适
192,OPI,不错
193,OPI,很不错
194,OPI,很好用
195,OPI,不错
196,OPI,不是很多
196,ASP,气味
196,OPI,很好
196,OPI,淡淡的
197,OPI,一般
198,ASP,包装盒子
198,OPI,没有
199,OPI,还行
200,OPI,还可以
200,OPI,不紧绷
201,ASP,物流
201,OPI,很快
201,OPI,很满意
201,OPI,还不错
202,OPI,可以的
202,OPI,有些油
203,OPI,很喜欢
203,ASP,送货
203,ASP,送货速度
203,OPI,棒棒的
204,OPI,很喜欢
205,OPI,挺好的
205,ASP,物流
205,OPI,挺快
205,OPI,好评
206,OPI,还可以
207,OPI,很好
207,OPI,贴肤
207,OPI,不卡粉
208,OPI,很精美
208,OPI,很好用
209,OPI,很喜欢
210,OPI,挺好用的
210,ASP,味道
210,OPI,香香的
210,OPI,很滑
210,OPI,很舒服
210,OPI,好评
211,OPI,最好
211,ASP,速度
212,OPI,还贵些
212,ASP,活动
212,OPI,给力
213,ASP,补水效果
213,OPI,特别好
213,OPI,很喜欢
214,OPI,假的
214,ASP,泡沫
214,OPI,没有
215,ASP,效果
215,OPI,不好
215,OPI,好用
216,OPI,不错
217,OPI,非常好用
217,OPI,很干净
218,OPI,很好用
218,OPI,不油腻
219,OPI,不错
219,ASP,快递
219,OPI,超级给力
220,ASP,成分
220,ASP,活动
220,ASP,赠品
221,ASP,包装
221,OPI,挺好看
221,ASP,快递小哥
222,OPI,不错
222,OPI,很多小
222,OPI,喜欢
223,OPI,很便宜
225,OPI,好用的
227,OPI,很好
228,OPI,好用
228,OPI,很方便
229,ASP,速度
229,OPI,飞快
230,OPI,光滑
230,OPI,可以
231,OPI,不过敏
231,OPI,很好用
232,ASP,物流
232,OPI,真心不错
232,OPI,喜欢
233,OPI,很好
233,ASP,物流
233,OPI,很快
233,OPI,便宜
234,OPI,物超所值
234,OPI,好评
236,OPI,还好
237,OPI,水润
237,OPI,轻薄
237,OPI,比较保湿
239,OPI,优惠
240,OPI,很好
240,OPI,很喜欢
241,OPI,不错
242,ASP,补水
242,OPI,还可以
242,ASP,精华液
242,OPI,很多
242,OPI,不错
243,OPI,便宜
244,OPI,一般
245,OPI,不错
245,OPI,非常好用
246,ASP,速度
246,OPI,算是快
247,ASP,服务
247,OPI,很好
247,ASP,性价比
247,OPI,很不错
248,OPI,还不错
249,OPI,很美白
249,ASP,味道
249,OPI,很舒服
249,OPI,很喜欢
250,OPI,挺好的
250,OPI,滋润
250,OPI,不油腻
251,OPI,不错
252,OPI,挺好用的
252,OPI,很服帖
252,OPI,自然
253,OPI,过敏
253,OPI,起红点红斑
253,OPI,非常痛
254,OPI,希望好用
254,OPI,难题
255,OPI,一般
255,OPI,好用
256,OPI,挺好用
256,ASP,精华
256,OPI,好多
257,OPI,方便
257,OPI,快捷
257,OPI,不错
257,ASP,活动
257,OPI,不给力
259,OPI,非常的好用
260,OPI,好小
262,OPI,特便宜
263,OPI,好评
263,OPI,好用
264,OPI,物有所值
266,OPI,还可以
267,OPI,还可以
267,OPI,有点干
267,OPI,没有提亮肤色的
268,OPI,好用
268,OPI,便宜
270,ASP,味道
270,OPI,很奇怪
270,OPI,辣眼睛
271,OPI,很滋润
271,OPI,特别喜欢
272,OPI,美美哒
273,ASP,物流
273,OPI,很快
273,ASP,包装
273,OPI,完好
273,ASP,服务
273,OPI,满意
274,ASP,活动
274,ASP,价格
274,OPI,优惠
274,ASP,补水效果
274,OPI,不错
275,OPI,挺好用的
275,OPI,淡淡的
275,ASP,香味
275,OPI,不脱妆
276,OPI,很好用
278,OPI,很舒服
278,ASP,补水效果
278,OPI,很好
279,OPI,很一般
280,OPI,正品
280,OPI,实惠
280,ASP,快递
280,OPI,很快
280,OPI,满意
281,OPI,真的不错
282,ASP,味道
282,ASP,味道清淡水的泡沫
282,OPI,清淡水的
282,OPI,很细腻
282,OPI,没有
283,OPI,正品
283,OPI,特别省
284,OPI,超级划算
284,ASP,包装
284,OPI,好看
287,OPI,挺好用的
288,OPI,挺好的
289,ASP,物流
289,OPI,很快
289,OPI,棒棒哒
290,OPI,挺好用的
292,ASP,补水效果
292,OPI,很好
293,OPI,很好用
294,OPI,不错
294,OPI,非常清爽
296,OPI,很多
298,OPI,还可以
299,ASP,赠品
299,OPI,最优惠
300,OPI,不错
300,OPI,很服帖
300,ASP,物流
300,OPI,很快
301,OPI,很棒的
301,ASP,价格
302,OPI,不干燥
302,OPI,滑滑的
304,OPI,不错
304,OPI,很舒服
305,OPI,不错
305,OPI,好评
306,OPI,很喜欢
306,ASP,礼品
307,OPI,比较实惠
308,OPI,很好用
309,OPI,不错
310,ASP,快递
310,OPI,真快
310,OPI,很满意
311,ASP,粉底
311,OPI,太少了
311,OPI,很少干干
311,OPI,有粉底
312,OPI,不错
312,OPI,很好用
313,OPI,很香
313,OPI,很白
313,OPI,还可以
314,OPI,不错
314,ASP,遮瑕效果
315,OPI,有点小过
316,OPI,挺好
316,OPI,相当实惠
318,OPI,差评
318,OPI,太小
318,ASP,精华
318,OPI,太少了
319,ASP,上妆效果
319,OPI,还可以
320,OPI,是正品
320,ASP,赠品
321,OPI,很好
321,ASP,保湿
321,OPI,不错
321,ASP,价格
321,OPI,合适
323,OPI,物美价廉
324,ASP,包装
324,OPI,很好看
325,ASP,补水效果
325,OPI,很好
325,OPI,很薄的
326,OPI,强能用
326,ASP,价格
327,ASP,保湿效果
327,OPI,很好
328,OPI,很喜欢
328,OPI,非常喜欢
328,ASP,质量
328,OPI,很高
328,OPI,特别喜欢
329,OPI,不错
329,OPI,挺好用的
331,OPI,真的不错
332,OPI,很服帖
332,OPI,超服帖
333,OPI,很不错
333,OPI,有点淡
334,OPI,提亮肤色
334,OPI,不油腻
334,OPI,清新的感
335,ASP,味道
335,OPI,好闻
335,ASP,保湿效果
336,OPI,不错
336,ASP,速度
336,OPI,很快
337,OPI,不错
337,ASP,速度
337,OPI,很快
338,OPI,不错
338,ASP,速度
338,OPI,很快
339,OPI,不错
339,ASP,速度
339,OPI,很快
341,OPI,很好
341,ASP,物流
341,OPI,给了
341,OPI,不错
342,OPI,很好
342,ASP,物流
342,OPI,给了
342,OPI,不错
343,OPI,给力
343,ASP,速度
344,OPI,有点干
345,OPI,不错
345,ASP,送货
345,OPI,很快
346,OPI,很好
346,OPI,很喜欢
347,OPI,粉嫩嫩的
347,OPI,很适合
347,OPI,非常滋润
347,OPI,不干也不油腻
347,OPI,很自然
348,ASP,泡沫
348,OPI,很多
348,OPI,不干
348,OPI,挺滋润的
348,OPI,超级划算
349,OPI,很实惠
349,ASP,发货速度
349,OPI,很实惠
349,ASP,发货速度
350,OPI,温和
350,OPI,洗后
350,OPI,不紧绷
350,OPI,最大的
351,ASP,大盒
352,OPI,非常平价
352,OPI,补水
352,OPI,不错
353,ASP,酒精味
353,OPI,不联系
354,OPI,还可以
354,OPI,还不错
356,OPI,还不错
358,OPI,很不错
359,OPI,还算可以
361,ASP,味道
361,OPI,很好闻
361,OPI,还好
362,OPI,还不错
362,OPI,挺好用
362,ASP,价格
362,OPI,实惠
363,ASP,保湿效果
363,OPI,非常好
364,OPI,不错
365,OPI,很薄
365,OPI,很水润
365,OPI,不过敏
366,OPI,可以
366,OPI,不错
366,OPI,很清爽
366,OPI,不油腻
367,OPI,淡淡
367,ASP,味道
367,OPI,不辣眼睛
367,OPI,挺好用
368,OPI,还是油
369,OPI,不错
370,ASP,补水效果
370,OPI,非常好
371,ASP,快递
371,OPI,很给力
373,OPI,挺好的
373,OPI,超多
374,OPI,挺好用的
375,OPI,不错
375,OPI,货真价实
376,OPI,挺好用的
377,ASP,物流
377,OPI,颜色好
377,OPI,物超所值
378,ASP,包装
378,OPI,很好
378,ASP,物流
378,OPI,很快
378,OPI,不错
378,OPI,非常物美价廉
379,ASP,快递
379,OPI,真的好快
380,OPI,非常好
381,ASP,到货速度
382,OPI,很好
382,OPI,挺薄的
382,ASP,精华
382,OPI,挺多的
382,OPI,很舒服
383,ASP,价格
383,OPI,实惠
383,OPI,可以
384,OPI,很保湿
385,ASP,提亮效果
385,OPI,还不错
386,OPI,还好吧
386,ASP,日期
386,OPI,新鲜
387,OPI,不错
388,OPI,很好用
389,OPI,还行
389,OPI,比较自然
390,OPI,超喜欢
390,ASP,味道
390,OPI,香香的
390,ASP,快递
390,OPI,很给力
391,OPI,挺滋润的
391,OPI,比较干
391,OPI,很服帖
391,OPI,很滋润
392,OPI,可以
392,OPI,很好用
393,ASP,控油效果
393,OPI,好用
394,OPI,很喜欢
395,OPI,超级润
395,OPI,喜欢
395,OPI,不错
396,OPI,太好用
399,OPI,很自然
399,ASP,质地
399,OPI,保湿
399,OPI,滋润
399,ASP,香味
400,OPI,很好用
400,OPI,很喜欢
401,OPI,好干净
401,OPI,不紧绷
402,ASP,补水功能
402,OPI,强大
403,ASP,保湿效果
403,OPI,确实不错
404,OPI,快递
405,ASP,快递
405,OPI,很给力
405,ASP,包装
405,OPI,很好
405,OPI,还可以
406,OPI,很好用
406,OPI,很喜欢
407,OPI,挺好的
408,OPI,非常舒服
408,OPI,不会特别拔干
409,OPI,很好
409,OPI,非常好
409,OPI,非常好
410,OPI,超级好用
410,ASP,活动
410,OPI,很划算
411,OPI,不上
412,OPI,好评
413,ASP,补水效果
413,OPI,相当不错
413,ASP,精华液
413,OPI,特别多
413,OPI,喜欢
414,OPI,不错
415,OPI,物美价廉
416,OPI,不错
416,OPI,非常清爽
416,OPI,不油腻
417,OPI,不错
417,ASP,活动
417,ASP,物流
417,OPI,很快
418,OPI,还可以
418,ASP,价格
418,OPI,很实惠
419,OPI,还可以
419,ASP,价格
419,OPI,很实惠
420,OPI,很划算
421,OPI,非常喜欢
421,OPI,正品
422,OPI,非常好用
423,OPI,挺好的
423,OPI,挺好用
423,ASP,价格
423,OPI,实惠
424,OPI,是正品
424,OPI,很不错
425,OPI,很不错
426,OPI,很小罐
427,ASP,补水效果
427,OPI,很好
427,OPI,很喜欢
428,OPI,非常不错
429,OPI,非常适合
429,OPI,均衡肤色
430,OPI,蛮好的
430,ASP,精华
430,OPI,挺多的
431,OPI,挺好
431,ASP,味道
431,OPI,好闻
431,OPI,不错
432,OPI,物美价廉
432,OPI,便宜
432,OPI,实惠
432,OPI,可以
433,ASP,酒精味浓
434,ASP,快递小哥服务
434,OPI,很不错
435,OPI,挺喜欢
435,OPI,好评
436,OPI,比较清爽
436,OPI,不油腻
436,ASP,物流
437,OPI,挺不错
438,ASP,物流
438,OPI,超级给力
438,OPI,非常快
438,OPI,非常不错
439,OPI,还不错
440,OPI,很好用
441,OPI,很好用
442,OPI,挺不错的
443,OPI,很不错
443,OPI,好用
444,OPI,不油腻
444,OPI,好评
444,OPI,有点贵
445,OPI,很好
445,OPI,很香
445,OPI,很喜欢
445,OPI,很棒
446,OPI,还可以
446,ASP,精华
446,OPI,挺充足的
446,OPI,接受
447,OPI,很好用
447,OPI,很干净
447,OPI,不紧绷
449,OPI,超级大赞
450,OPI,非常好用
450,OPI,细腻
450,OPI,白皙
450,ASP,味道
450,OPI,特别好闻
451,OPI,很喜欢
452,OPI,非常好用
452,ASP,精华
452,OPI,很多
452,OPI,超棒
453,ASP,物流
453,OPI,很快额
454,OPI,还可以
455,ASP,五分
455,OPI,好评
456,OPI,还可以
456,OPI,挺补水的
457,OPI,不错
457,OPI,很好用
458,OPI,保质期
459,ASP,物流
459,OPI,很快
459,OPI,显白
459,OPI,稍微有点干
460,OPI,满心欢
461,OPI,很好
461,ASP,速度
462,ASP,快递速度
462,OPI,很快
462,OPI,不错
463,ASP,隔离效果
463,OPI,温和
463,OPI,不刺激
464,OPI,挺好的
464,ASP,物流
464,OPI,挺快的
465,OPI,挺好用的
465,ASP,赠品
466,OPI,不错
466,OPI,很好的
467,OPI,很喜欢
468,OPI,不错
469,OPI,不像正品
470,OPI,蛮快
471,OPI,过敏了
471,OPI,非常不愉快
471,ASP,物质
472,OPI,还不错
472,OPI,淡淡的
472,ASP,香味
472,ASP,服务态度
473,OPI,特别好用
473,OPI,很喜欢
474,OPI,保湿
474,OPI,不干
474,OPI,很喜欢
475,OPI,挺好用的
476,ASP,快递
476,OPI,杠杠滴
477,OPI,是正品
477,OPI,特好用
479,OPI,还不错
480,OPI,还不错
480,OPI,很补水
482,OPI,太油了
483,OPI,好评
483,ASP,快递小哥
483,ASP,快递小哥
483,OPI,万个
484,ASP,赠品
485,OPI,润润的
485,OPI,易吸收
485,ASP,香味
485,OPI,很舒服
486,ASP,上妆效果
487,OPI,赞一个
488,OPI,真心不错
489,OPI,挺好用的
489,ASP,吸收
489,OPI,挺快的
490,OPI,不好
492,ASP,服务态度
492,OPI,很好
493,OPI,很好用
493,ASP,活动
493,OPI,很划算
494,OPI,不错
495,OPI,特别好
495,OPI,非常喜欢
496,ASP,包装
497,OPI,很好
497,OPI,很好
499,OPI,还好
500,OPI,还行
501,OPI,很好用
502,OPI,很好用
503,OPI,还不错
504,OPI,是正品
504,OPI,很好
505,OPI,涂着不舒服
505,ASP,酒精味
506,ASP,活动
507,OPI,可以啊
507,OPI,提好用
508,OPI,很好用
508,OPI,还不错
509,OPI,还不错
510,OPI,确实不错
511,OPI,很好用
511,OPI,滑滑的
512,ASP,保湿效果
512,OPI,不错
512,ASP,粉质
512,OPI,细腻
513,OPI,是正品
514,OPI,不错
514,OPI,喜欢
515,OPI,不错
516,OPI,还不错
516,OPI,很不错
517,OPI,好用
517,OPI,过年美美哒
518,OPI,清爽爽
518,OPI,不油腻
519,ASP,包装
519,OPI,很满意
519,ASP,物流
519,OPI,很快
519,OPI,很好用
520,ASP,包装
520,OPI,比较优惠
520,ASP,物流
520,ASP,配送员服务
521,ASP,包装
521,OPI,比较优惠
521,ASP,物流
521,ASP,配送员服务
522,OPI,好用
523,OPI,挺好的
523,OPI,很实惠
525,OPI,还不错
526,OPI,很多
527,OPI,很爱起泡沫
527,ASP,泡沫
527,OPI,很细腻
527,OPI,很温和
527,ASP,味道
527,OPI,很好闻
527,OPI,正品
528,OPI,假的
529,ASP,塑料味
530,OPI,很好
532,OPI,可以
534,ASP,味道
534,OPI,很好
534,OPI,容易推开
535,OPI,便宜
535,OPI,很好
535,OPI,不过敏
535,OPI,好用
536,OPI,很自然
536,OPI,不错
537,OPI,不错
538,OPI,还不错
538,ASP,价格
538,OPI,实惠
538,ASP,性价比
538,OPI,不错
539,OPI,挺好的
539,OPI,很正
539,OPI,方便
540,OPI,好评
541,ASP,垃圾
542,OPI,还行
542,OPI,不是很白
542,ASP,味道
542,OPI,可以
542,OPI,很难洗下
543,ASP,性价比
543,OPI,非常高
543,ASP,物流
543,OPI,非常快
544,OPI,不错
544,OPI,一般
544,OPI,较自然
545,OPI,太温和
545,OPI,滑滑的
546,OPI,不错
546,ASP,收货
546,OPI,不错
546,OPI,挺好的
547,ASP,补水
547,OPI,保湿
547,OPI,清爽
547,OPI,不油腻
548,OPI,巨坑
548,OPI,降价
548,OPI,那么快
549,OPI,补水
549,OPI,不错
550,ASP,包装
550,OPI,很简陋
551,ASP,补水效果
551,OPI,不错
553,OPI,很满意
554,ASP,物流
555,ASP,物流
555,OPI,值得信赖
555,OPI,很满意
556,OPI,不好
556,OPI,过敏
556,ASP,清洁能力
556,ASP,香味
557,OPI,物廉价美
558,ASP,味道
558,OPI,很难形
558,OPI,很讨厌
559,OPI,很好用
559,OPI,不卡粉
559,ASP,上装
559,OPI,很自然
559,OPI,滑滑的
559,OPI,很喜欢
560,OPI,还不错
560,OPI,挺滋润
561,ASP,包装
561,OPI,很精致
561,ASP,态度
561,OPI,一切
561,OPI,挺好的
562,ASP,包装
562,OPI,很精致
562,ASP,态度
562,OPI,一切
562,OPI,挺好的
563,ASP,快递
563,OPI,很快
563,OPI,很好
563,OPI,极力推荐
564,OPI,很好用
565,OPI,不错
566,OPI,不怎么好用
567,ASP,精华
567,OPI,很多
567,OPI,很舒服
568,OPI,吸收
571,OPI,不错
572,OPI,还可以
572,ASP,包装
572,OPI,很不错
572,OPI,好的
573,OPI,不怎么的好
574,OPI,挺好的
574,OPI,蛮好用
574,OPI,稍微味道大点
574,OPI,不错
575,OPI,不是很白
575,OPI,不是遮暇的
575,OPI,太差劲了
576,OPI,比较大
576,OPI,不适合
576,OPI,太白了
577,OPI,很不错
578,OPI,不好用
579,OPI,很好
579,OPI,不错
579,OPI,很适用
579,ASP,气味
579,OPI,很清香
580,OPI,好划算
581,OPI,正不敢用
582,OPI,蛮好的
583,OPI,非常的好用
583,OPI,细腻
583,OPI,温和
583,OPI,不刺激
584,OPI,挺干的
584,ASP,持妆效果
584,OPI,还可以
585,OPI,特别好用
586,OPI,很好
586,OPI,不错
587,OPI,挺不错身
588,OPI,好用
588,OPI,滑滑的
588,ASP,保湿效果
588,OPI,很好
589,OPI,很满意
589,OPI,非常高兴
589,OPI,很不错
590,OPI,无不适感
590,OPI,透气好
590,OPI,满意
591,OPI,比较便宜
591,ASP,盒子
591,OPI,粗糙
592,OPI,很好
592,OPI,很喜欢
593,OPI,很不错
594,OPI,挺香的
596,OPI,好用
596,OPI,特别润
596,ASP,补水效果
596,OPI,不心疼
597,ASP,包装
597,OPI,比较高大上
597,ASP,包装
597,OPI,太土了
598,OPI,好用
598,OPI,不刺激
599,ASP,包装
599,OPI,很漂亮
599,OPI,喜欢
599,OPI,应该不错
600,ASP,保湿效果
600,OPI,不错
601,ASP,速度
601,OPI,飞快
601,OPI,挺细腻
602,OPI,好评
603,OPI,很好
605,OPI,挺白的
605,ASP,隔离效果
605,OPI,不好
606,OPI,可以
606,OPI,挺好的
607,OPI,喜欢
607,OPI,不油腻
607,OPI,细腻
607,OPI,均匀
607,OPI,很自然
608,OPI,还不错
608,OPI,很自然
608,OPI,很香
608,ASP,赠品
610,ASP,保湿效果
610,OPI,不错
610,OPI,很舒服
610,OPI,真心不错
611,OPI,非常不错
611,ASP,去气色
611,OPI,很自然
611,OPI,保湿
612,OPI,好用
612,OPI,涂少
612,OPI,很自然
612,OPI,耐用
612,OPI,好评
613,OPI,非常好
613,OPI,非常快
613,OPI,非常值
614,OPI,不错
614,OPI,一直用
614,OPI,方便
615,OPI,挺好
615,OPI,很补水
615,ASP,精华
615,OPI,很多
615,ASP,价格
615,OPI,实惠
616,OPI,超级好
616,OPI,少了
616,OPI,很好闻
616,OPI,喜欢
617,ASP,包装
617,OPI,非常好的
618,OPI,真假
618,ASP,价格
618,OPI,有点贵
620,OPI,不错
622,OPI,还不错
623,OPI,很喜欢
624,ASP,价格
624,OPI,好划算
624,ASP,补水效果
624,OPI,挺好的
625,OPI,不好用
626,OPI,很好
627,OPI,还不错
627,OPI,挺好
628,OPI,特优惠
629,ASP,保湿效果
629,OPI,非常好
631,OPI,划算
631,OPI,很舒服
631,OPI,很推荐
632,OPI,很好用
633,ASP,香味
633,OPI,浓郁
634,ASP,活动
634,OPI,物美价廉
634,ASP,物流
634,OPI,非常满意
635,OPI,很不错的
636,ASP,物流
636,OPI,快捷
636,OPI,给力
636,ASP,包装
636,ASP,包装到位
636,OPI,严实
637,ASP,包装
637,OPI,不是正品
638,OPI,特别服帖
639,OPI,便宜很多
640,OPI,好小
640,OPI,太少
640,OPI,没了
641,OPI,刺鼻的
641,ASP,味道
641,OPI,香香的
641,OPI,不紧绷
641,OPI,好用
642,OPI,不错
642,OPI,拔干
642,ASP,遮瑕
642,OPI,一般
643,OPI,很好
643,OPI,非常好
644,ASP,送货
644,OPI,速度快
644,ASP,小哥服务
644,OPI,快递
644,OPI,水水的
644,OPI,润润的
645,OPI,非常棒的
645,OPI,很满意
646,ASP,水润度
646,OPI,还不错
647,OPI,偏油
648,OPI,不错
648,OPI,不错
649,OPI,还不错
652,OPI,非常喜欢
653,OPI,是正品
653,OPI,不错
654,OPI,很舒服
655,ASP,包装
655,OPI,没封口
655,ASP,操控
655,OPI,不严
656,OPI,很好
657,OPI,真心好用
657,OPI,提亮
659,OPI,沫丰富
659,ASP,清洁力
659,OPI,有淡香
659,OPI,喜欢
660,OPI,挺好用的
660,OPI,很划算
661,ASP,味道
661,OPI,淡淡的
661,OPI,不起沫
661,OPI,有点滑
662,OPI,不错
663,OPI,挺好用的
663,ASP,保湿效果
663,OPI,不错
663,OPI,挺好的
664,OPI,挺保湿的
664,OPI,不怎么干
667,OPI,还不错
667,OPI,还可以
668,ASP,包装
668,OPI,很好
668,ASP,物流
669,OPI,很好
669,OPI,非常不错
670,OPI,挺好的
670,OPI,还保湿
671,OPI,便宜
671,OPI,一点不假
672,OPI,很贴合
672,ASP,保湿效果
672,OPI,很好
672,OPI,优惠
673,OPI,很好用
674,OPI,很棒的
674,OPI,不刺激
674,ASP,物流
675,OPI,还不错
675,OPI,很细
676,OPI,很不错
676,OPI,满意
677,ASP,快递
677,OPI,挺快的
677,OPI,挺大
678,OPI,好用
678,ASP,补水效果
678,ASP,精华
678,OPI,比较多
678,OPI,不错
679,OPI,很好
679,OPI,很满意
680,OPI,便宜
680,OPI,优惠
680,OPI,一点
680,OPI,还好
681,OPI,不好用
682,OPI,很划算
682,OPI,很舒服
683,OPI,方便
683,ASP,包装
683,OPI,完整
683,ASP,价格
683,OPI,实惠
683,ASP,快递
683,OPI,很快
683,ASP,赠品
684,OPI,不错
684,OPI,划算
686,ASP,保湿
686,OPI,还行
686,OPI,不卡粉
686,ASP,价钱
686,OPI,优惠
687,ASP,速度
687,OPI,超快
687,ASP,快递小哥
687,OPI,超级暖心
689,OPI,挺好的
690,OPI,很轻薄
690,OPI,不浮粉
691,OPI,还行
691,OPI,比较粘
692,OPI,挺好用的
692,ASP,遮瑕效果
692,OPI,不错
692,ASP,颜色
692,OPI,很提亮
692,OPI,不错
693,OPI,非常好
693,OPI,很舒服
694,OPI,很好用
695,OPI,很好
695,ASP,活动
695,ASP,价格
695,OPI,很优惠
695,OPI,很好用
696,OPI,还不错
697,ASP,物流
697,OPI,很快
697,OPI,不错
698,ASP,物流
698,OPI,真是快
698,OPI,不错
699,OPI,很好用
699,ASP,遮暇效果
699,OPI,非常不错
699,OPI,很好
700,OPI,便宜又好用
701,OPI,便宜又好用
702,OPI,特别好用
703,ASP,活动
703,OPI,店实惠
704,OPI,好评
705,OPI,5星好评
706,OPI,不好用
707,OPI,好用的
707,ASP,瓶子
707,OPI,超级好看
708,OPI,很好
708,OPI,很不错
708,OPI,好评
709,ASP,活动力度
709,OPI,可以的
709,OPI,划算
709,OPI,很多
709,OPI,还可以
710,OPI,假的
710,OPI,假的
710,OPI,假的
711,ASP,物流速度
711,OPI,真是快
712,ASP,补水效果
712,OPI,不错
712,ASP,物流
712,OPI,挺快的
713,OPI,不错
713,OPI,满意
714,OPI,还不错
715,OPI,很好
715,OPI,很服贴
715,ASP,精华液
715,OPI,很卵
715,OPI,还要好
716,ASP,补水效果
716,OPI,没有
717,OPI,挺好的
717,OPI,很划算
718,ASP,物流
718,OPI,很快
719,OPI,挺好用
719,OPI,挺干净的
720,OPI,不错
721,OPI,不错
721,ASP,物流
721,OPI,超快
722,ASP,补水效果
722,OPI,还不错
723,OPI,细腻
723,OPI,滑滑滴
723,OPI,还算满意
724,OPI,挺好的
725,OPI,不好
725,OPI,过敏了
726,OPI,超实惠
726,OPI,不油腻
726,OPI,挺好的
728,OPI,清爽
728,OPI,不适合
728,ASP,痘痘
729,OPI,一般
730,OPI,一般
731,OPI,一般
732,OPI,还不错
733,OPI,好评
733,OPI,挺好用的
733,OPI,不过敏
734,ASP,发货
734,OPI,是正品
734,OPI,便宜
736,OPI,还可以
736,OPI,少了
737,OPI,很好用
738,OPI,真心的
738,OPI,不错
739,OPI,一般
739,OPI,不怎么控油的
740,OPI,很不错
740,OPI,很喜欢
741,OPI,很好用
741,OPI,细腻光滑
741,OPI,水润
741,ASP,性价比
742,OPI,还好
742,OPI,便宜
742,OPI,很划算
742,OPI,还不错
743,ASP,物流
743,OPI,挺快
744,OPI,差评
744,OPI,没有就算
745,ASP,水分
745,OPI,很足
745,OPI,很不错
745,ASP,物流
745,OPI,很实惠
746,OPI,非常喜欢
746,OPI,很满意
747,OPI,挺满意的
748,ASP,补水效果
748,OPI,不错
749,ASP,物流
749,OPI,很快
749,OPI,很划算
751,OPI,很不错
751,ASP,味道
751,OPI,好闻
751,ASP,遮瑕
751,OPI,保湿
752,OPI,挺好用的
753,OPI,不错
754,ASP,发货速度
755,OPI,挺好推开的
755,ASP,防晒效果
756,ASP,礼品
757,OPI,很好
757,OPI,是正品
758,ASP,送货
758,OPI,非常快
758,ASP,服务
758,OPI,很不错
758,ASP,性价比
758,OPI,很高
759,OPI,还好
759,OPI,蛮清爽
760,OPI,给力
760,ASP,价格
760,OPI,便宜
760,ASP,物流速度
760,OPI,很喜欢
761,OPI,还好吧
762,OPI,很快
762,OPI,很方便
762,OPI,实惠
763,OPI,好没有
765,ASP,快递
765,OPI,点个赞
765,OPI,超级快
765,OPI,杠杠滴
765,OPI,很不错
765,OPI,棒棒哒
766,OPI,还可以
767,OPI,不错
767,ASP,活动
767,OPI,实惠
768,ASP,活动
768,OPI,给力
769,OPI,温和不刺激
769,ASP,包装
769,OPI,很好
769,ASP,质量
769,OPI,不错
770,OPI,确实不错
771,OPI,还好吧
771,OPI,便宜
772,OPI,粉丝了
772,ASP,发货
772,OPI,很快
772,OPI,超级好听
772,OPI,很不错的
773,OPI,超级赞
773,ASP,活动
773,OPI,很值
775,OPI,不错
776,OPI,好用
776,OPI,不错
777,OPI,喜欢伯
777,OPI,很喜欢
778,ASP,物流
778,OPI,很快
778,ASP,隔离效果
778,OPI,很棒
779,OPI,降价
780,OPI,提亮肤色
780,OPI,满分
781,OPI,还不错
782,ASP,价格
782,OPI,实惠
782,ASP,保障服务
782,ASP,送货
783,OPI,不好用
783,OPI,不好用
783,OPI,不好用
783,ASP,味道
783,OPI,特别刺鼻
784,OPI,挺水润
785,OPI,不好
785,OPI,便宜
786,OPI,好用
786,ASP,保湿效果
786,OPI,很好
787,OPI,很自然
788,OPI,便宜
789,OPI,真心不错
790,ASP,补水效果
790,OPI,很不错的
791,ASP,补水效果
791,OPI,挺不错
791,OPI,很愉
792,OPI,挺好的
792,OPI,挺喜欢
792,ASP,瓶子
792,OPI,很好看
792,OPI,挺舒服的
792,OPI,还不错
793,OPI,自然
794,OPI,很干
794,OPI,很干
794,OPI,不值
795,OPI,还不错
795,ASP,速度
795,OPI,很快
796,OPI,挺好用
797,OPI,不好
797,OPI,便宜没
797,OPI,好货
798,OPI,不错
799,OPI,太苍白
800,OPI,淡淡的
800,ASP,味道
800,OPI,很好闻
800,OPI,很好用
801,OPI,过敏
802,ASP,味道
802,OPI,香香的
802,ASP,外观
802,OPI,特别漂亮
803,ASP,补水效果
803,OPI,真的好
803,ASP,物流
803,OPI,很快
803,OPI,非常满意
804,OPI,很适合
805,OPI,是快
806,OPI,很不错得
806,OPI,补水
806,OPI,不错
807,OPI,还不错
808,ASP,盒子
808,OPI,很好看
809,ASP,效果
809,OPI,很好
809,OPI,淡淡的
809,ASP,香味
809,ASP,价格
809,OPI,很美丽
810,OPI,很好
810,OPI,很舒服
811,OPI,学推荐
812,OPI,挺好用的
812,OPI,还可以
813,OPI,挺合适的
813,ASP,活动
813,OPI,给力
814,OPI,很好
815,OPI,好评
816,OPI,很好
816,OPI,淡淡的
816,OPI,喜欢的
817,OPI,非常好用
817,OPI,很薄
817,ASP,补水效果
817,OPI,不错
819,OPI,挺好用的
819,OPI,比较水润
819,ASP,上妆
819,OPI,挺容易
819,ASP,物流
819,OPI,很快
820,ASP,活动
820,OPI,很划算
821,ASP,包装
821,OPI,完好
822,ASP,快递
822,OPI,就是那么值
822,ASP,快递
823,ASP,物流
823,OPI,太给力
823,OPI,超级快
823,ASP,清洁能力
824,OPI,不错
824,OPI,很温和
824,OPI,不刺激
825,ASP,补水效果
825,OPI,棒棒哒
826,OPI,活动价
826,OPI,实惠
827,OPI,还不错
828,OPI,很好
828,OPI,很服帖
829,OPI,很喜欢
830,OPI,很好用
831,OPI,不错
831,OPI,非常满意
833,OPI,不错
833,OPI,很好推开
833,OPI,细腻
833,OPI,不遮暇
833,OPI,很好的
833,OPI,棒棒哒
834,ASP,速度
834,OPI,挺快
834,ASP,快递员
835,ASP,补水效果
835,OPI,挺好的
836,ASP,物流
836,OPI,很快
836,ASP,小哥
836,OPI,很好
837,OPI,是正品
838,OPI,还可以
838,OPI,不多
839,OPI,没有
840,OPI,是正品
840,OPI,挺好的
840,ASP,瓶装
841,OPI,挺好的
842,OPI,容易吸收
842,OPI,很好推开
842,OPI,含有
842,OPI,含有抗衰
842,OPI,含有抗衰老成分
842,ASP,性价比
843,OPI,很喜欢
843,OPI,还不错
844,OPI,很好
845,OPI,还行
846,ASP,包装
846,OPI,还可以
847,OPI,超级好用
848,OPI,还行吧
848,OPI,太香了
848,ASP,泡泡
848,OPI,比较少
848,OPI,不太喜欢
849,ASP,物流
849,OPI,蛮快
849,OPI,不错
849,OPI,划得
849,OPI,划得着
850,OPI,超级好用
850,OPI,不干
850,OPI,香香的
851,OPI,很不错
851,OPI,正品
852,ASP,物流
852,OPI,超级快
852,OPI,好评
852,OPI,很划算
852,OPI,便宜
852,OPI,好评
853,OPI,很实惠
854,OPI,不错
854,ASP,保湿
854,OPI,挺好的
854,ASP,快递
854,OPI,很快
856,ASP,没收
857,OPI,滑滑的
857,OPI,还不错
858,OPI,很好用
858,OPI,棒棒哒
859,OPI,特别油腻
859,OPI,轻薄
859,ASP,上妆
860,OPI,不错
860,OPI,随便用用
860,OPI,不错
861,ASP,保湿效果
861,OPI,挺好的
861,OPI,是正品
862,ASP,包装
862,OPI,挺好的
862,OPI,是正品
863,OPI,还可以
863,OPI,比较满意
864,OPI,还不错
864,OPI,很好
865,OPI,正品
865,OPI,很好
866,OPI,很好用
867,OPI,有点油
867,OPI,很棒
867,OPI,很贴心
868,ASP,快递
869,OPI,好油
869,OPI,好油
869,OPI,好油
869,OPI,不值得推荐
870,OPI,很好用
871,OPI,挺保湿的
871,OPI,有点黏腻
872,OPI,香香的
872,OPI,挺好用
873,OPI,还可以
873,OPI,不能遮暇
873,OPI,希望别长
874,OPI,很喜欢
874,ASP,赠品
874,OPI,好超值
874,OPI,很喜欢
875,OPI,非常好用
876,OPI,不错
877,OPI,还不错
877,OPI,正品
878,ASP,补水效果
878,OPI,非常好
878,OPI,水嫩嫩的
878,ASP,精华
878,OPI,很多
878,OPI,光滑
878,OPI,很保湿
878,OPI,不刺激
879,OPI,挺好的
879,ASP,包装
879,OPI,精美
879,OPI,漂亮
879,OPI,正品
880,ASP,客服
880,OPI,很贴心
880,OPI,五星好评
881,OPI,细腻
881,OPI,柔滑
881,ASP,味道
881,OPI,清香
881,OPI,么么哒
882,OPI,最便宜
883,OPI,挺好用的
884,OPI,很喜欢
885,OPI,不错
885,OPI,很轻薄
886,ASP,活动
886,OPI,不错
888,OPI,很好用
888,OPI,非常贴
888,OPI,补水
889,OPI,大爱呀
890,OPI,很高效
891,OPI,还可以
892,OPI,还不错
892,OPI,非常实惠
893,OPI,好用
894,OPI,好用
894,OPI,遮瑕
894,OPI,自然
895,ASP,快递速度
895,OPI,这么快
895,ASP,价格
895,OPI,么实惠
896,OPI,还行
896,OPI,亲民
896,ASP,价格
897,OPI,很满意
898,OPI,非常好用
899,OPI,很好
900,OPI,很愉
901,OPI,好用
902,OPI,好用
902,ASP,颜色
903,OPI,不错
904,OPI,很好用
904,OPI,很喜欢
905,OPI,不干净的
906,OPI,挺好
907,OPI,非常滋润
908,ASP,活动
908,OPI,物美价廉
908,OPI,五星好评
909,OPI,方便
909,ASP,设计
909,OPI,挺好
909,OPI,水不刺激
909,ASP,清洁
909,OPI,挺干净的
909,OPI,喜欢
910,OPI,很快
910,OPI,还不错
911,OPI,还阔以
911,OPI,香香的
911,OPI,很满意
912,ASP,快寄
912,OPI,很给力
914,OPI,很保湿
914,ASP,精华
914,OPI,很多
915,OPI,超喜欢棒棒
915,ASP,物流
915,OPI,超级满意
916,ASP,收货
916,OPI,很及时
917,OPI,不错
917,OPI,美美哒
918,ASP,酒精味
918,OPI,太重
918,OPI,有点油
918,OPI,很好
919,ASP,活动
919,OPI,特别的不错
919,OPI,很优惠
919,OPI,优惠
919,OPI,很多吧
921,OPI,还不错
922,ASP,快递
922,OPI,真是神速
922,ASP,活动
922,OPI,优惠很多
923,OPI,不好用
923,OPI,没有提亮肤色
924,OPI,真心不错
925,OPI,还不错
926,ASP,味道
926,OPI,没错
926,OPI,是正品
926,OPI,碎了
927,OPI,是正品
928,OPI,还可以
928,OPI,不足有
929,ASP,快递
929,OPI,很给力
930,OPI,还不错
931,OPI,好用
931,ASP,补水效果
931,OPI,很好
931,ASP,活动
931,OPI,很实惠
932,OPI,挺好的
932,ASP,味道
932,OPI,不错
932,OPI,挺保湿
933,OPI,挺好
933,ASP,味道
933,OPI,不过敏
933,OPI,补水
934,OPI,很好
934,OPI,非常喜欢
934,OPI,准没错
937,OPI,小小
938,ASP,物流
939,ASP,味道
939,OPI,比较奇怪（
939,OPI,轻微的黏腻感
941,OPI,不好用
942,OPI,还可以
943,OPI,不错的
943,ASP,性价比
943,OPI,很高
944,OPI,很服帖
944,ASP,精华
944,OPI,很多
944,OPI,很好用
944,OPI,不过敏
945,OPI,不好用
946,OPI,不好用
947,OPI,比较干
947,ASP,保湿效果
947,OPI,很好
948,OPI,还不错
949,ASP,价格
949,OPI,便宜
950,OPI,一般
950,ASP,价格
950,OPI,便宜
951,OPI,挺好吸收
951,OPI,不油腻
951,OPI,没有损
952,ASP,补水效果
952,OPI,不错
953,ASP,补水效果
953,OPI,不错
953,ASP,包装
953,OPI,好看
953,OPI,很柔软
953,OPI,很薄
954,OPI,不错
955,OPI,挺喜欢
955,OPI,很实惠
955,OPI,美美的
956,OPI,不错
957,OPI,有点油
958,OPI,还行
958,OPI,好推开
958,OPI,不舒服
960,OPI,还不错
960,OPI,挺舒服的
961,OPI,挺好用的
962,OPI,不错
962,OPI,很好
963,ASP,速度
963,OPI,很不错
963,OPI,棒棒哒
964,OPI,挺好的
964,ASP,颜色
964,OPI,不自然
964,OPI,有点假白
964,OPI,好少
965,OPI,好用
965,OPI,好用
965,OPI,挺不错
966,OPI,有泡沫
966,ASP,快递
966,OPI,不咋
966,ASP,快递
966,ASP,速度
967,OPI,还不错
968,OPI,还不错
969,OPI,很好用
969,ASP,物流
969,OPI,很快
970,OPI,不错
971,OPI,挺水嫩的
972,OPI,会卡粉
972,OPI,不自然
973,OPI,有点太贵了
974,OPI,粉严重
974,ASP,颜色
974,OPI,太白
975,OPI,很滋润
976,OPI,很好用
977,OPI,挺好用的
977,OPI,非常满意
978,OPI,挺好用的
978,OPI,非常满意
980,ASP,赠品
980,OPI,挺好用
980,OPI,棒棒哒
981,OPI,好用
981,OPI,经济又实惠
982,OPI,还不错
982,OPI,还可以
982,OPI,便宜
983,OPI,还可以
983,OPI,不黏腻
984,OPI,很油
984,OPI,不清爽
986,OPI,特别好用
986,OPI,很薄
986,OPI,很舒服
987,OPI,不错
988,OPI,有点小
989,OPI,还行
990,OPI,挺温和
991,OPI,好用
991,OPI,不错
992,OPI,挺好用的
992,OPI,好评
993,OPI,良好
993,OPI,无异常
993,OPI,喜欢
994,OPI,很好用
994,OPI,均匀肤色
994,OPI,好用
995,ASP,卸妆效果
995,OPI,很好
996,ASP,包装
996,OPI,一般
996,ASP,盒子
996,OPI,没有
996,OPI,希望好用
997,OPI,很好用
998,OPI,很好用
999,OPI,便宜不少
1000,OPI,一如既往的好
1001,ASP,补水效果
1001,OPI,很好
1001,ASP,吸收
1001,OPI,特别快
1001,ASP,价格
1001,OPI,超值
1002,OPI,好用
1002,OPI,不刺激
1003,ASP,活动
1004,OPI,很好用
1005,OPI,满意
1005,OPI,吸收
1006,OPI,还可以
1008,OPI,好评
1009,OPI,好用
1009,OPI,很划算
1010,OPI,很喜欢
1010,OPI,很润
1011,OPI,不是很好用
1012,OPI,还不错
1012,OPI,好评
1012,OPI,很白
1013,OPI,很合适
1013,OPI,好用
1013,ASP,价格
1013,OPI,亲民
1014,OPI,不错
1014,OPI,很好用
1015,OPI,中的好
1015,OPI,很多
1015,ASP,补水
1015,OPI,保湿
1015,OPI,不油腻
1016,ASP,效果
1016,OPI,很好
1017,OPI,干巴巴
1017,OPI,不理想
1018,OPI,很好用
1018,OPI,很香
1019,OPI,滋润亮白
1019,ASP,保湿
1020,OPI,应该不错
1020,ASP,瓶子
1020,OPI,挺精致
1021,OPI,不错
1021,ASP,快递
1021,OPI,很快
1022,OPI,蛮好用的
1022,OPI,超喜欢
1022,OPI,超满意
1023,OPI,挺好用的
1023,OPI,很细腻
1023,ASP,遮瑕效果
1023,OPI,挺好
1024,OPI,挺小的
1024,OPI,不易脱妆
1024,OPI,挺自然
1025,ASP,合适
1026,OPI,清爽型
1026,OPI,很舒服
1027,ASP,物流
1027,ASP,服务态度
1028,OPI,挺划算的
1029,OPI,好评
1029,OPI,好用
1030,ASP,活动
1031,OPI,物有所值
1032,OPI,挺好用的
1033,ASP,精华
1033,OPI,很多
1033,ASP,快递员服务
1033,OPI,超好
1034,OPI,挺好用的
1034,ASP,提亮效果
1035,ASP,包装
1035,OPI,很好
1035,OPI,无破损
1035,OPI,很喜欢
1036,OPI,淡淡的
1036,ASP,清香
1036,OPI,很好闻
1037,OPI,非常不错
1037,OPI,非常好用
1038,OPI,挺好
1038,OPI,不卡粉
1039,OPI,便宜好用
1039,OPI,物美价廉
1040,OPI,好失望
1041,OPI,超级好用
1042,OPI,还是不错
1042,OPI,挺好用的
1042,OPI,还不错
1043,OPI,廉价的
1043,OPI,香精味
1043,ASP,上妆
1043,OPI,不自然
1043,OPI,卡粉
1044,OPI,是正品
1044,OPI,不错
1045,OPI,很服帖
1045,ASP,保湿效果
1045,OPI,还行
1045,OPI,划算
1046,ASP,快递
1046,OPI,好快
1046,OPI,很好
1046,ASP,精华
1046,OPI,很多
1047,OPI,不错
1048,OPI,特假
1049,OPI,水水的
1049,OPI,很好用
1050,OPI,很好用
1051,ASP,物流
1051,OPI,很快
1051,OPI,很满意
1053,OPI,非常方便
1054,OPI,清爽
1054,OPI,不油腻
1055,ASP,包装
1055,OPI,完好
1055,OPI,淡淡的
1055,ASP,清香味
1055,OPI,还好
1056,ASP,性价比
1056,OPI,很高
1056,OPI,滋润
1056,ASP,补水
1056,OPI,保湿
1056,OPI,还不起脂肪粒
1056,ASP,送货
1056,OPI,超级快
1057,OPI,不错
1058,OPI,还好吧
1058,ASP,保湿
1058,OPI,不是那么好
1059,OPI,挺喜欢的
1059,OPI,香香的
1059,ASP,味道
1059,OPI,好评
1060,ASP,味道
1060,OPI,很清新
1060,OPI,不多
1060,OPI,挺细腻的
1060,ASP,清洁力度
1060,OPI,还可以
1060,OPI,不紧绷
1060,OPI,挺温和的
1061,OPI,一般般
1062,OPI,一般般
1063,OPI,超赞
1063,OPI,大爱
1064,ASP,优惠活动
1064,OPI,太赞了
1065,OPI,好评
1066,OPI,挺不错
1066,ASP,物流
1066,OPI,很快
1067,ASP,发货的速度
1068,OPI,太香了
1069,OPI,超级好用
1069,ASP,补水效果
1070,ASP,服务态度
1070,OPI,很好
1070,OPI,很满意
1071,OPI,出汗不掉妆
1072,ASP,粉质
1072,OPI,不够细
1072,OPI,不够服帖
1072,ASP,味道
1072,OPI,蛮喜欢
1072,ASP,提亮的效果
1072,OPI,不错
1073,OPI,清淡
1073,OPI,不紧绷
1073,OPI,很舒服
1073,OPI,挺干净
1073,OPI,不刺激
1074,OPI,还不错
1075,OPI,山泥
1075,OPI,很难用
1075,OPI,不干净
1075,OPI,不是泥
1076,OPI,非常满意
1077,OPI,还不错
1078,OPI,喜欢
1078,OPI,大爱
1078,OPI,喜欢
1078,OPI,温和不刺激
1078,OPI,挺好用的
1079,ASP,价格
1079,OPI,美丽
1080,OPI,很不错
1081,OPI,一般
1082,ASP,清洁力
1082,OPI,不是太好
1082,OPI,起痘痘
1082,OPI,不适合
1083,OPI,很多
1083,ASP,赠品
1083,OPI,还行
1084,OPI,挺好用的
1085,OPI,还行
1085,OPI,不会很白
1085,ASP,粉扑
1085,OPI,很硬
1085,OPI,不好用
1086,ASP,速度
1086,OPI,真无敌
1087,OPI,不理想
1087,OPI,不干净
1088,OPI,一如既往的好
1089,OPI,一如既往的好
1090,OPI,还不错
1090,OPI,是正品
1091,OPI,期新
1091,OPI,不错
1092,OPI,一般般
1093,ASP,物流
1093,OPI,很快
1094,OPI,还不错
1095,OPI,还可以
1097,ASP,活动
1097,OPI,实惠
1097,OPI,还不错
1098,OPI,特持久
1098,OPI,特别容易干
1099,OPI,特别好
1099,OPI,特补水
1099,OPI,喜欢
1100,OPI,不错
1101,ASP,物流
1101,OPI,给力
1102,OPI,不错
1102,OPI,很多年
1103,OPI,还不错
1104,OPI,轻薄
1104,OPI,很好
1105,OPI,挺好的
1105,OPI,提亮肤色
1106,OPI,一般
1106,ASP,味道
1106,ASP,性价比
1107,OPI,不错
1108,OPI,物廉价美
1109,OPI,很清爽
1109,OPI,不错
1109,ASP,价格
1109,OPI,很划得
1110,OPI,有点小惊喜
1110,OPI,很满意
1112,OPI,喜欢
1112,OPI,很好
1112,OPI,很补水
1112,OPI,划算
1113,OPI,非常满意
1114,OPI,好用
1115,ASP,控油效果
1115,OPI,还可以
1115,ASP,香味
1115,OPI,太香
1117,OPI,超级喜欢
1118,OPI,非常好
1118,OPI,舒服
1118,OPI,不过敏
1118,OPI,挺实惠的
1119,ASP,包装
1119,OPI,还可以
1121,OPI,温合
1121,ASP,包装
1122,ASP,物流
1122,OPI,好快
1122,ASP,服务态度
1123,OPI,挺好的
1123,OPI,正品
1123,OPI,挺开心
1124,ASP,物流
1124,OPI,很快
1124,OPI,喜欢
1125,OPI,实惠
1125,ASP,袋子
1125,OPI,很漂亮
1127,OPI,不错
1127,OPI,挺细腻的
1128,OPI,挺好
1128,OPI,淡淡
1128,ASP,香味
1128,OPI,非常好用
1129,OPI,还不错
1129,ASP,发货速度
1129,OPI,挺喜欢
1130,OPI,很好
1131,OPI,还行吧
1132,OPI,相当不错
1132,ASP,物流
1132,OPI,给力
1132,OPI,好评
1132,OPI,超级好评
1133,OPI,挺好的
1135,OPI,好评
1135,OPI,很好
1135,OPI,很喜欢
1136,OPI,很不错
1137,OPI,有点干
1138,OPI,真心不错
1138,ASP,物流
1138,OPI,超级快
1139,OPI,还不错
1139,OPI,很好用
1139,ASP,价格
1139,OPI,优惠
1139,OPI,满意
1140,OPI,还不错
1140,ASP,物流
1140,OPI,很快
1141,OPI,满意
1141,OPI,还不错
1141,OPI,轻薄
1141,ASP,持久效果
1141,ASP,发货
1142,OPI,棒棒哒
1142,OPI,轻薄透气
1143,ASP,卸妆效果
1143,OPI,还好
1143,OPI,不油腻
1144,OPI,很好用
1144,ASP,物流
1144,OPI,很快
1146,OPI,很好
1146,OPI,很划算
1147,ASP,提亮
1147,OPI,很不错
1148,OPI,很好用
1149,OPI,很舒服
1149,OPI,没有一点不舒服
1149,OPI,好评好评
1151,OPI,不错
1151,ASP,保温效果
1151,ASP,精华液
1151,OPI,挺多的
1152,OPI,挺好的
1153,ASP,外观
1153,OPI,还不错
1154,OPI,不错
1155,ASP,礼品
1155,OPI,不错
1156,OPI,是正品
1156,ASP,包装
1156,OPI,有点不好
1156,OPI,挺环保的
1158,OPI,非常好用
1159,ASP,快递
1159,OPI,很给力
1160,OPI,很喜欢
1162,OPI,是正品
1163,ASP,味道
1163,OPI,好大不喜欢
1164,OPI,非常好用
1164,ASP,味道
1164,OPI,好闻
1165,OPI,很好用
1165,ASP,遮暇效果
1165,OPI,很好
1166,OPI,很不错
1167,ASP,价格
1168,OPI,很好用
1169,OPI,不好用
1170,ASP,速度
1170,OPI,真快
1170,OPI,便宜
1171,OPI,白一大圈
1172,OPI,好评
1173,OPI,很好
1173,OPI,物超所值
1174,OPI,比较实惠
1174,ASP,补水效果
1174,OPI,挺好
1175,OPI,还可以
1176,OPI,垃圾
1176,OPI,假货
1177,OPI,挺好的
1177,OPI,光滑水润
1178,OPI,偏干
1179,ASP,味道
1179,OPI,太刺鼻
1179,ASP,价格
1179,OPI,很实惠
1180,OPI,不错
1180,OPI,比较喜欢
1181,OPI,不错
1181,OPI,很满意
1182,ASP,性价比
1182,OPI,很高
1183,OPI,很不错
1184,OPI,比较喜欢
1185,OPI,方旗
1185,OPI,还过敏
1186,ASP,包装
1186,OPI,不错
1186,OPI,自然
1186,OPI,还好
1186,OPI,带尖的
1186,OPI,毛孔粗
1187,OPI,期新鲜
1187,OPI,特划算
1188,OPI,不起沫
1188,OPI,不怎么好用
1190,OPI,不服帖
1190,OPI,脱妆
1190,OPI,严重
1190,OPI,假白
1191,OPI,很清爽
1191,OPI,不油腻
1191,OPI,很喜欢
1191,OPI,很干净
1192,ASP,快递速度
1192,OPI,真快
1193,OPI,超乎意
1193,OPI,好评
1193,OPI,赞赞赞
1193,OPI,赞赞赞赞赞
1194,OPI,便宜
1194,OPI,好评
1195,OPI,没小样
1196,OPI,不错
1196,OPI,是正品
1196,OPI,挺好的
1197,OPI,可以
1197,OPI,挺干净的
1198,OPI,超级喜欢
1199,OPI,是正品
1200,OPI,喜欢用
1200,OPI,比较细腻
1200,OPI,不油腻
1200,OPI,挺好的
1201,OPI,很好
1202,ASP,物流
1202,OPI,相当快
1202,ASP,包装
1202,OPI,精致
1202,OPI,一如既往的好
1203,ASP,物流
1203,OPI,相当快
1203,ASP,包装
1203,OPI,精致
1203,OPI,一如既往的好
1204,OPI,不错
1204,OPI,不干了
1204,OPI,很多
1205,OPI,挺好
1205,OPI,满意
1206,OPI,很喜欢
1207,OPI,挺好的
1208,OPI,不错
1209,OPI,很好用
1210,OPI,挺不错的
1210,OPI,很滋润
1211,ASP,物流
1211,OPI,快又好
1212,OPI,便宜
1212,OPI,还好用
1212,OPI,清淡的
1212,ASP,香味
1212,OPI,比较喜欢
1214,OPI,蛮不错
1215,OPI,很不错
1216,OPI,自然
1216,OPI,很满意
1217,ASP,补水效果
1217,OPI,很棒
1218,OPI,不错
1219,OPI,超好用
1219,OPI,很水润
1219,OPI,真的好用
1220,OPI,不错
1221,OPI,水润
1221,OPI,透气
1221,OPI,享受
1221,OPI,不错
1223,OPI,比较水润
1223,ASP,隔离效果
1223,OPI,很棒
1223,OPI,还算可以
1224,OPI,很细腻
1224,OPI,清爽
1224,OPI,不干燥
1226,OPI,很油
1227,OPI,还不少
1227,OPI,好用
1228,OPI,挺好的
1228,ASP,味道
1228,OPI,清新
1228,OPI,滋润
1228,OPI,不粘腻
1229,OPI,很薄
1229,ASP,水分
1229,OPI,很多
1229,OPI,很舒服
1229,OPI,清爽
1230,OPI,不错
1231,OPI,还不错
1231,ASP,价格
1231,OPI,合理
1232,ASP,物流
1232,OPI,很快
1233,OPI,挺喜欢的
1234,OPI,很好
1235,OPI,提亮
1235,OPI,提亮遮暇能力
1236,OPI,挺好的
1237,OPI,很实惠
1237,OPI,..
1238,OPI,挺不错
1238,ASP,包装
1238,OPI,无损
1238,OPI,淡淡的
1238,ASP,清香味
1238,ASP,保湿效果
1238,OPI,挺好的
1239,OPI,有点脏
1240,ASP,味道
1240,OPI,很好闻
1241,ASP,物流
1241,OPI,很快
1241,OPI,很好用
1242,OPI,很温和
1242,ASP,卸妆
1242,OPI,很干净
1242,ASP,包装
1243,ASP,遮暇效果
1243,OPI,没有
1244,OPI,那么好
1245,OPI,还不错
1246,OPI,不算太满意
1246,OPI,很干
1248,OPI,很好用
1249,ASP,物流
1249,OPI,超快
1249,ASP,包装
1249,OPI,很好
1249,OPI,没有破损
1249,OPI,希望好用
1250,OPI,便宜
1250,OPI,实惠
1251,OPI,可以
1251,OPI,挺白
1252,OPI,很好
1253,OPI,很赞
1253,OPI,很喜欢
1254,OPI,好用
1255,OPI,很好用
1255,OPI,水水的
1256,ASP,保湿效果
1256,OPI,很好
1258,OPI,很好用
1258,ASP,味道
1258,OPI,很好闻
1258,OPI,很喜欢
1259,OPI,还好红红火火恍
1260,ASP,香味
1260,OPI,挺重的
1261,OPI,挺好用
1262,ASP,价格
1262,OPI,实惠
1262,OPI,不会干
1262,OPI,间较长
1262,ASP,补妆
1263,OPI,不错
1264,OPI,不错
1264,OPI,挺多的
1265,ASP,活动
1265,ASP,精华液
1265,OPI,很多
1265,ASP,补水效果
1265,OPI,不错
1266,OPI,好评
1267,OPI,喜欢
1268,OPI,非常好用
1268,OPI,不油腻
1268,OPI,很清爽
1268,OPI,大爱
1270,OPI,很好用
1271,OPI,很不错
1271,ASP,味道
1271,OPI,很好闻
1271,OPI,还保湿
1272,ASP,物流
1272,OPI,很快
1272,OPI,很好
1273,OPI,还不错
1274,OPI,不是很适
1274,OPI,很油
1275,OPI,很好
1275,OPI,很好
1276,OPI,挺好的
1277,OPI,预想的
1277,ASP,分货
1277,ASP,香味
1277,OPI,很浓
1278,OPI,还可以
1278,OPI,很实惠
1279,ASP,补水效果
1279,OPI,很好
1280,OPI,好用
1280,ASP,滋润度
1280,OPI,非常好
1280,OPI,不干
1280,OPI,不卡粉
1280,OPI,棒棒哒
1281,OPI,挺好的
1282,OPI,还不错
1283,OPI,湿润
1283,OPI,自然
1283,OPI,很好
1284,OPI,非常满意
1284,OPI,非常喜欢
1285,OPI,很不错
1285,OPI,喜欢
1285,ASP,活动
1285,OPI,很合适
1286,ASP,补水效果
1286,OPI,非常好
1287,OPI,挺满意的
1288,OPI,好就是好
1289,OPI,洗不掉
1289,OPI,不紧绷
1290,OPI,很好用
1290,OPI,很香
1291,OPI,真心不错
1292,OPI,还不错
1293,OPI,很不错
1293,OPI,不错
1294,OPI,还可以
1295,OPI,还不错
1296,OPI,很不错
1296,ASP,保湿效果
1296,OPI,很好
1296,OPI,非常满意
1297,ASP,价格
1297,OPI,实惠
1297,ASP,活动
1297,OPI,真的赚大了
1297,OPI,便宜多了
1297,OPI,好评
1298,ASP,上妆
1298,OPI,很不错
1298,ASP,味道
1298,OPI,太香了
1299,OPI,还行
1299,OPI,比较方便
1300,OPI,刺激皮肤
1300,OPI,还好
1301,OPI,是正品
1302,OPI,非常好用
1304,ASP,味道
1304,OPI,挺好闻的
1304,OPI,很好
1305,OPI,还不错
1305,ASP,价格
1305,OPI,很划算
1305,OPI,好评
1306,OPI,不错
1308,OPI,不好用
1309,OPI,淡淡的
1309,ASP,香味
1309,OPI,喜欢
1309,OPI,爱不释手了
1310,OPI,还可以
1311,ASP,保湿效果
1311,OPI,特好
1311,ASP,遮瑕效果
1311,OPI,不错
1312,OPI,很好用
1313,ASP,价格
1313,OPI,挺便宜
1314,OPI,还不错
1315,OPI,不错
1316,OPI,不真实
1318,ASP,价格
1318,OPI,超实惠
1319,OPI,好用
1320,OPI,速度快
1320,OPI,还好
1321,OPI,非常好
1322,ASP,物流
1322,OPI,很快
1322,ASP,包装
1322,OPI,无破损
1322,OPI,过眼神
1323,OPI,还没用
1325,OPI,很不错
1326,OPI,挺好
1327,ASP,补水效果
1327,OPI,非常不错
1329,OPI,不错
1329,OPI,正不错
1330,OPI,不错
1330,ASP,美白效果
1330,OPI,不是很好
1331,OPI,可以的
1331,OPI,希望不要失望
1332,OPI,还不错
1333,OPI,非常不满意
1335,OPI,还不错
1336,OPI,不错
1336,OPI,好用
1336,ASP,快递更
1336,OPI,给力
1337,OPI,很不错
1337,OPI,便宜
1337,ASP,赠品
1337,OPI,很多
1338,OPI,很好
1339,OPI,很不错
1339,OPI,不错
1339,OPI,棒棒哒
1340,ASP,味道
1341,OPI,喜欢
1341,OPI,还不错
1342,OPI,还不错
1343,OPI,很实惠
1344,ASP,包装
1344,OPI,完好
1344,ASP,日期
1344,OPI,比较新。
1345,ASP,服务
1345,OPI,很不错
1345,OPI,不错
1346,OPI,非常好
1346,OPI,便宜划算
1347,OPI,很喜欢
1348,OPI,不错
1349,OPI,非常好用
1349,OPI,不油腻
1349,OPI,好推开
1350,OPI,很好用
1350,OPI,不浮粉
1351,ASP,快递
1351,OPI,超快
1352,ASP,包装
1352,OPI,蛮好的
1353,OPI,好用
1353,OPI,很服帖
1353,ASP,送货
1354,OPI,太给力
1354,OPI,特别好闻喜欢
1355,ASP,包装
1355,OPI,好差劲
1356,OPI,很好用
1356,OPI,易推开
1358,OPI,很滋润
1359,OPI,不错
1359,ASP,价格
1359,OPI,合理
1360,OPI,非常卡粉
1360,OPI,不好用
1361,ASP,赠品
1361,OPI,挺多的
1362,OPI,不错
1362,OPI,确实好用
1362,OPI,特别便宜
1363,OPI,挺好的
1364,OPI,不错
1364,OPI,很舒服
1364,OPI,白些了
1364,OPI,可以美白
1365,OPI,很滋润
1365,ASP,肤色
1365,OPI,很自然
1366,OPI,很喜欢
1367,OPI,特别好用
1368,OPI,很好
1368,OPI,很好用
1369,ASP,物流
1369,OPI,很快
1369,ASP,盒子
1369,OPI,有点脏
1369,OPI,很润
1369,OPI,不干
1369,OPI,吸收
1369,OPI,太干
1370,OPI,是正品
1370,OPI,很自然
1371,OPI,正品
1372,OPI,清凉
1372,OPI,正品
1372,OPI,不错
1373,OPI,会卡粉
1374,OPI,好用
1374,OPI,自然
1374,OPI,服帖
1374,OPI,实惠
1375,OPI,很优惠
1375,ASP,价格
1375,OPI,很美丽
1375,OPI,很好
1376,OPI,可以的
1377,OPI,优惠
1377,OPI,非常满意
1378,OPI,很好用
1379,OPI,好用
1379,OPI,非常满意
1380,ASP,补水效果
1380,OPI,特别好
1381,ASP,好装
1381,OPI,不错
1382,OPI,很喜欢
1382,OPI,很喜欢满意
1383,OPI,很好用
1383,ASP,精华液
1383,OPI,很多
1383,OPI,很实惠
1384,OPI,清爽
1384,OPI,不油腻
1384,ASP,遮瑕效果
1384,OPI,不理想
1385,OPI,还不错
1385,OPI,很喜欢
1386,OPI,特别滋润
1386,OPI,香香的
1386,OPI,不厚重
1386,ASP,美白的效果
1386,OPI,特别好用
1388,OPI,不错
1388,OPI,不油腻
1388,OPI,挺补水的
1388,OPI,滑滑的
1388,OPI,嫩嫩的
1389,OPI,不错
1389,OPI,好用
1389,OPI,超补水
1390,OPI,喜欢
1390,ASP,水份
1390,ASP,价格
1390,OPI,合适
1391,ASP,粉质
1391,OPI,很细腻
1392,OPI,不会油油的
1393,OPI,可以
1393,ASP,香味
1393,OPI,不是那么冲
1393,OPI,可清新的
1393,OPI,不错
1394,OPI,很好
1395,OPI,很好用
1396,OPI,补水
1396,OPI,差不多
1397,ASP,感到效果
1397,OPI,不错
1398,ASP,快递
1398,OPI,很快
1398,ASP,客服态度
1399,ASP,包装
1399,OPI,挺好的
1399,ASP,物流
1399,OPI,很快
1399,OPI,不错
1400,OPI,是不是正品
1400,OPI,挺好用的
1401,OPI,差评
1402,OPI,还可以
1403,OPI,不错
1403,OPI,喜欢
1403,ASP,价格
1404,ASP,包装
1404,OPI,没有
1404,OPI,真假
1404,OPI,很难说
1405,ASP,价格
1405,OPI,还好用
1406,OPI,很好用
1406,OPI,不干
1406,OPI,提亮肤色
1407,OPI,很喜欢
1408,OPI,清爽
1408,OPI,不油腻
1409,OPI,可以
1410,ASP,价格
1410,OPI,还不错
1413,OPI,很不错
1413,OPI,超级划算
1414,OPI,好用
1414,OPI,经常用
1415,OPI,很好用
1415,OPI,水水的
1416,OPI,不错
1416,ASP,包装
1416,OPI,好看
1416,OPI,还不错
1418,OPI,还不错
1418,OPI,更好
1419,ASP,包装
1419,OPI,太旧了
1420,OPI,物美价廉
1420,OPI,非常好
1420,OPI,非常好
1420,ASP,配送速度
1420,OPI,特别快
1421,ASP,质量
1421,OPI,不咋
1422,OPI,太腻了
1423,OPI,好用
1423,OPI,不油腻
1423,ASP,价格
1423,OPI,实惠
1424,OPI,是正品
1424,OPI,没有激
1424,ASP,吸收
1424,OPI,还不错
1424,OPI,好评
1425,OPI,还不错
1425,OPI,不卡粉
1425,ASP,价格
1425,OPI,实惠
1427,OPI,还不错
1428,OPI,超爽
1428,OPI,挺喜欢的
1429,OPI,淡淡的
1429,ASP,香味
1429,ASP,泡沫
1429,OPI,丰富
1430,ASP,包装
1430,OPI,完好
1430,ASP,物流
1430,OPI,很快
1431,OPI,白了
1432,OPI,很好
1432,OPI,很喜欢
1432,OPI,很保湿
1433,OPI,不错
1433,ASP,送货速度
1433,OPI,很快
1434,OPI,轻松
1434,OPI,不卡粉
1434,OPI,很不错
1435,ASP,包装
1435,OPI,非常精美
1436,OPI,不错
1437,OPI,很足
1437,ASP,精华液
1437,OPI,很多
1437,OPI,水水的
1438,OPI,挺好用
1438,ASP,价格
1438,OPI,美丽
1439,OPI,很好
1440,OPI,不会假白
1440,OPI,很好
1440,OPI,喜欢
1441,OPI,很好
1443,ASP,吸收
1443,OPI,挺好
1443,OPI,很容易吸收
1443,OPI,水嫩水嫩的
1444,OPI,很不错
1444,ASP,卸妆水效果
1444,OPI,不错
1444,OPI,不刺激
1445,OPI,很舒适
1445,OPI,非常细腻
1446,OPI,好用
1446,OPI,不卡粉
1447,OPI,还行
1448,OPI,还可以
1449,OPI,差差
1449,OPI,差差差
1449,OPI,不补水
1449,OPI,不会贪
1450,OPI,不错
1451,OPI,不是很多
1451,OPI,很温和
1452,ASP,赠品
1452,ASP,快又
1452,OPI,给力
1453,OPI,很好用
1453,OPI,很显白
1453,OPI,好推开
1453,OPI,好评
1453,ASP,送货
1453,OPI,很快
1454,OPI,特别拔干
1455,ASP,价格
1455,OPI,便宜
1456,OPI,还不错
1457,OPI,很小
1458,OPI,很好
1458,ASP,物流
1458,OPI,很给力的
1459,OPI,很自然
1460,OPI,非常好用
1461,OPI,不错
1462,OPI,挺好的
1462,ASP,物流
1463,OPI,不错
1463,OPI,挺好用的
1465,ASP,包装
1465,OPI,不错的
1467,OPI,不错
1467,ASP,味道
1468,OPI,非常好用
1469,OPI,挺好用的
1470,OPI,很好
1471,ASP,清洁能力
1471,OPI,一般
1472,OPI,是正品
1474,OPI,挺好用的
1475,OPI,五星好评
1476,ASP,味道
1476,OPI,挺舒服的
1477,OPI,特别好用
1478,OPI,好啊
1479,OPI,自然色
1479,OPI,很相近
1480,OPI,挺好的
1480,OPI,薄薄的
1481,OPI,很好
1481,OPI,很满意
1482,OPI,还可以
1482,ASP,赠品
1483,OPI,很划算
1483,ASP,味道
1483,OPI,好闻
1484,ASP,效果
1484,OPI,不错
1485,OPI,不紧绷
1486,OPI,还行
1486,ASP,价格
1487,OPI,很好用
1487,ASP,卸妆
1487,OPI,很干净
1487,OPI,温和
1487,OPI,不刺激
1488,OPI,不错
1489,OPI,还可以
1489,OPI,有点干
1490,OPI,挺好用的
1490,OPI,清爽
1490,OPI,不粘
1491,ASP,价格
1491,OPI,便宜
1491,OPI,挺好的
1492,OPI,很快
1492,ASP,快递小哥态度
1492,OPI,很好
1492,OPI,很快
1493,OPI,特别好用
1495,OPI,很好
1495,ASP,服务
1495,OPI,特好
1496,OPI,很满意
1496,OPI,正品
1496,ASP,活动
1496,OPI,很划算
1497,OPI,超好用
1498,OPI,好用
1498,OPI,实惠
1499,OPI,不错
1499,OPI,很水润
1500,OPI,挺不错
1501,OPI,不错
1501,OPI,挺好用的
1501,OPI,很划算
1502,OPI,正品
1502,OPI,很快
1503,OPI,很适合
1503,OPI,好评
1504,OPI,挺好
1505,OPI,不错
1505,OPI,太少了
1506,OPI,挺好用的
1506,OPI,很方便
1507,OPI,挺好用的
1507,OPI,挺滋润的
1507,ASP,快递小哥服务态度
1508,OPI,还不错
1509,OPI,不错
1509,OPI,很喜欢
1510,OPI,很好用
1511,OPI,非常好的
1512,ASP,补水效果
1512,OPI,不错
1512,ASP,价格
1512,OPI,合理
1512,ASP,快递
1512,OPI,给力
1513,ASP,快递
1513,OPI,超快
1513,OPI,很满意
1513,ASP,优惠力度
1513,OPI,很大
1514,ASP,价格
1514,OPI,有点小贵
1514,OPI,方贵
1514,OPI,物有所值
1515,OPI,很好用
1515,ASP,清洁
1516,OPI,很好用
1516,ASP,价格
1516,OPI,不会很贵
1517,ASP,保湿
1517,OPI,一般
1518,ASP,价格
1518,OPI,实惠
1519,ASP,发货速度
1519,OPI,超快
1519,OPI,合适
1519,ASP,保湿效果
1520,OPI,还不错
1521,ASP,活动
1521,OPI,超级划算
1522,ASP,味道
1522,OPI,很好闻
1523,ASP,清洁能力
1523,OPI,干爽舒服
1524,OPI,好用
1524,OPI,不油腻
1524,OPI,很自然
1524,OPI,服帖
1525,ASP,清洁能力
1525,OPI,很好
1525,ASP,味道
1525,OPI,挺好闻
1525,OPI,挺好用的
1525,OPI,好评
1526,OPI,不喜欢
1526,OPI,很紧绷
1526,ASP,味道
1526,OPI,不好
1527,OPI,非常好
1528,OPI,挺不错
1528,OPI,很细腻
1528,OPI,很自然
1529,OPI,很好用
1529,OPI,水嫩
1529,OPI,光泽
1529,OPI,不错
1529,OPI,超值
1530,OPI,挺好
1530,OPI,是正品
1531,OPI,不错
1531,ASP,活动
1533,ASP,活动
1533,ASP,价格
1533,OPI,便宜
1533,OPI,很好用
1534,OPI,不错
1535,OPI,非常不错
1535,OPI,很喜欢
1537,OPI,挺好的
1537,ASP,精华液
1537,OPI,很多
1538,OPI,还可以
1539,ASP,包装
1540,OPI,很喜欢
1541,ASP,成分
1541,OPI,安全
1541,ASP,补湿效果
1541,OPI,还可以
1542,OPI,非常好用
1542,OPI,不紧绷
1543,OPI,很滋润
1543,OPI,很自然
1543,OPI,挺满意的
1544,ASP,送货
1544,OPI,很快
1544,ASP,快递师傅
1544,OPI,很耐
1545,ASP,味道
1545,OPI,不错
1545,OPI,很好闻
1548,OPI,真好
1549,OPI,很实惠
1550,OPI,还可以
1551,OPI,物美价廉
1552,OPI,不错
1552,OPI,物美价廉
1553,ASP,物流
1553,OPI,很快
1554,OPI,好用
1554,OPI,挺好用的
1555,OPI,不错
1555,OPI,超级划算
1556,OPI,非常好用
1556,OPI,不但服帖
1556,OPI,显提亮肤色
1557,OPI,不错
1558,OPI,不错
1558,OPI,不错
1559,OPI,挺好的
1560,OPI,不错
1562,OPI,还可以
1562,OPI,便宜
1563,OPI,温和的
1564,OPI,还不错
1564,OPI,很保湿
1564,ASP,价格
1564,OPI,很实惠
1564,OPI,好评
1566,OPI,不错
1568,ASP,配送速度
1568,OPI,很快
1570,OPI,不错
1570,OPI,挺好
1571,OPI,喜欢
1572,OPI,不错
1572,ASP,包装
1572,ASP,送货
1572,ASP,服务
1572,OPI,不错
1573,OPI,挺好用的
1574,OPI,好开
1574,OPI,好评
1575,ASP,物流
1576,ASP,味道
1576,OPI,不是很喜欢
1577,OPI,挺不错
1580,OPI,很满意
1580,ASP,快递小哥速度
1580,OPI,杠杠滴
1580,ASP,态度
1580,OPI,不错
1581,OPI,挺补水的
1583,OPI,很不错
1584,OPI,正品
1584,ASP,赠品
1584,OPI,很多
1585,OPI,还不错
1585,OPI,很懒很懒
1585,OPI,一般
1586,OPI,保湿
1586,OPI,补水
1586,OPI,值得信赖
1587,OPI,非常好
1587,OPI,物超所值
1588,OPI,还不错
1589,OPI,非常不错
1589,OPI,不容易脱
1590,OPI,很实惠
1590,OPI,挺划算的
1591,OPI,挺好的
1591,OPI,不错的
1591,OPI,比较水润
1591,OPI,不油腻
1591,OPI,很清爽
1592,OPI,非常好用
1593,OPI,非常棒
1593,OPI,嫩嫩的
1594,ASP,气味
1594,OPI,很好闻
1595,OPI,有点干
1595,OPI,还可以
1596,OPI,很喜欢
1596,ASP,味道
1596,OPI,很淡
1596,OPI,不厚重
1596,ASP,价格
1596,OPI,不贵
1596,OPI,淡淡的
1597,OPI,一般
1597,ASP,时间
1597,OPI,比较短
1597,ASP,保湿
1597,OPI,还行
1597,OPI,没有
1598,OPI,挺干净的
1598,OPI,满意
1599,OPI,还可以
1600,OPI,很划算
1600,OPI,好用
1601,OPI,挺多的
1602,OPI,过敏
1602,OPI,不过敏
1602,OPI,挺好的
1602,OPI,便宜
1603,ASP,精华液
1603,OPI,有点小失望
1604,ASP,价格
1604,OPI,美丽
1604,OPI,很温和
1605,ASP,价格
1605,OPI,差不多
1605,OPI,还行吧
1606,ASP,价格
1606,OPI,便宜
1606,ASP,性价比
1606,OPI,一般
1607,OPI,不错的
1607,OPI,自然
1607,ASP,遮瑕效果
1607,OPI,不错
1608,OPI,便宜
1609,OPI,非常好
1609,OPI,非常滋润
1609,OPI,遮瑕
1609,OPI,淡淡的
1609,ASP,香味
1610,OPI,非常好用
1610,ASP,提亮
1610,OPI,不卡粉
1610,OPI,特别服帖
1611,OPI,还行
1611,ASP,香味
1612,ASP,快递
1612,OPI,很快
1613,ASP,小痘
1614,OPI,滋润
1614,OPI,比较稀的
1615,OPI,很好用的
1615,OPI,很滋润
1616,ASP,外壳
1616,OPI,不好
1618,OPI,挺喜欢
1619,OPI,真心不错
1620,OPI,滋润
1620,OPI,服帖
1620,OPI,特别是精油皂
1621,OPI,非常的不错
1621,ASP,清香
1622,ASP,隔离效果
1622,OPI,特别高
1622,OPI,很水润
1623,OPI,不错
1624,OPI,很不错
1624,OPI,很足
1624,ASP,出水口设计
1624,OPI,很棒
1625,OPI,很好
1625,ASP,商家
1625,OPI,很热心
1625,OPI,心想事
1626,OPI,还可以
1626,OPI,好小
1627,OPI,超级划算
1627,ASP,颜色
1627,OPI,很自然
1627,OPI,喜欢
1628,OPI,很持久
1629,OPI,还不错
1630,OPI,高大上
1630,OPI,很精致
1631,OPI,很好用
1632,ASP,清洁能力
1632,OPI,一般般
1633,OPI,很好
1633,OPI,物有所值
1635,OPI,好用
1636,OPI,超所值
1636,OPI,棒棒哒
1637,OPI,很好用
1637,OPI,很喜欢
1638,OPI,挺好用的
1639,OPI,好用
1640,OPI,不喜欢口红
1640,ASP,颜色
1641,OPI,非常喜欢
1641,OPI,很好
1641,ASP,性价比
1642,OPI,好用
1642,OPI,滑滑的
1643,ASP,物流
1643,OPI,超快
1644,OPI,非常好
1644,OPI,很满意
1644,OPI,不错
1644,ASP,物流
1644,OPI,很快
1645,OPI,非常喜欢
1646,OPI,很便宜
1646,OPI,很划算
1648,OPI,超级棒
1648,OPI,超级棒补水
1649,OPI,好用
1649,OPI,不卡粉
1649,OPI,自然
1650,ASP,物流
1650,ASP,包装
1651,ASP,颜色
1651,OPI,很好
1651,OPI,不觉得干
1651,OPI,很容易划开
1652,ASP,物流
1652,OPI,挺快的
1653,OPI,划算
1654,OPI,不错
1654,OPI,挺好用的
1655,OPI,很适合
1655,OPI,不卡粉
1656,OPI,非常好
1656,OPI,淡淡的
1656,OPI,很喜欢
1657,OPI,好用
1657,OPI,特别喜欢
1657,ASP,味道
1658,ASP,性价比
1658,OPI,很高
1658,OPI,很好用
1658,ASP,价格
1658,OPI,超级优惠
1658,OPI,很满意
1659,OPI,很温和
1659,ASP,痘痘
1660,OPI,很好用
1661,OPI,不错
1661,OPI,很好用
1661,OPI,很亮
1661,OPI,很不错
1662,OPI,真的不错
1663,OPI,好不好用
1663,OPI,还行
1664,ASP,补水效果
1664,OPI,很棒
1665,OPI,不错
1665,ASP,价格
1665,OPI,便宜
1665,OPI,相当不错
1666,OPI,好白
1666,OPI,太假面了
1666,ASP,客服
1666,OPI,客服
1666,OPI,不管
1667,OPI,很棒的
1667,OPI,好用
1668,OPI,很保湿
1668,ASP,味道
1668,OPI,很好闻
1668,OPI,不错
1669,OPI,不错
1670,ASP,价格
1670,OPI,实惠
1670,OPI,有点少
1671,OPI,很舒服
1671,OPI,不紧绷
1671,OPI,不错的
1672,ASP,快递
1672,OPI,很给力
1672,OPI,很香
1673,OPI,不错
1673,OPI,不油腻
1674,OPI,还不错
1674,OPI,不卡粉
1674,ASP,遮瑕效果
1676,OPI,不好用
1676,ASP,酒精味道
1676,OPI,特别大
1676,ASP,刺鼻
1677,ASP,补水效果
1677,OPI,很好
1678,OPI,有点用
1679,OPI,不错
1679,ASP,质量
1679,OPI,很好
1679,ASP,物流
1679,OPI,物美价廉
1680,OPI,好用
1680,ASP,性价比
1680,ASP,活动
1680,OPI,很便宜
1681,OPI,不错的
1681,OPI,挺漂亮的
1681,ASP,盒子
1682,OPI,物美价廉
1682,OPI,真心好
1683,OPI,不错
1683,OPI,有点掉毛
1684,ASP,发货
1684,OPI,很快
1685,OPI,比较补水
1686,ASP,补水效果
1686,OPI,很好
1687,OPI,很好用
1687,OPI,量足
1687,OPI,还不错
1688,OPI,特别满意
1689,OPI,很细腻
1689,OPI,很好
1689,OPI,很满意
1690,OPI,这么好用
1691,OPI,挺好的
1692,OPI,很好用
1693,OPI,补水
1693,OPI,不错
1694,OPI,还不错
1696,OPI,挺香的
1696,ASP,包装
1696,OPI,不错
1696,OPI,中评
1697,ASP,速度
1698,ASP,活动
1698,OPI,自然
1698,OPI,服帖
1699,ASP,物流
1699,OPI,很快
1699,OPI,挺好用的
1699,OPI,好评
1700,ASP,补水效果
1700,OPI,可以
1700,OPI,平价
1700,OPI,好用
1700,OPI,一共
1701,ASP,质量
1701,OPI,没问题
1702,OPI,不错
1703,OPI,挺喜欢
1704,OPI,不贵
1704,OPI,好东西
1705,OPI,棒棒的
1706,OPI,很好
1706,OPI,非常补水
1706,OPI,保湿
1706,OPI,不错
1707,OPI,很好
1707,OPI,很光滑的
1707,ASP,价格
1707,OPI,实惠
1708,OPI,很好
1709,OPI,物有所值
1709,ASP,活动
1710,OPI,好棒的
1710,ASP,快递
1711,OPI,很不错
1711,ASP,快递
1711,OPI,很给力
1712,OPI,挺好用
1713,OPI,不开
1713,OPI,不好用
1714,ASP,包装
1714,OPI,很好
1714,ASP,快递哥
1714,OPI,很给力
1715,OPI,很好用
1715,OPI,很干净
1715,OPI,不紧绷
1716,ASP,到货
1716,OPI,很快
1717,ASP,卸妆
1717,OPI,干净
1717,OPI,温和
1717,OPI,不刺激
1717,OPI,好用
1718,OPI,很喜欢
1719,OPI,好用
1719,OPI,超级好用
1721,ASP,快递小哥
1722,OPI,超级好用
1723,OPI,好评
1724,ASP,隔离
1724,OPI,很好用
1724,ASP,美白的效果
1724,OPI,不干用
1724,OPI,很自然
1724,ASP,礼品
1725,OPI,很实惠
1726,OPI,不错
1726,OPI,很满意
1727,OPI,很自然
1727,ASP,颜色
1727,OPI,很值
1728,ASP,服务
1728,ASP,价格
1728,ASP,价格幅度
1729,OPI,好用
1729,OPI,好评
1730,OPI,不错
1730,ASP,物流
1730,ASP,服务态度
1730,OPI,很好
1731,ASP,清洁能力
1731,OPI,好用
1731,ASP,泡沫
1732,ASP,持支
1732,ASP,持支
1732,OPI,很不错
1733,OPI,不错
1734,ASP,价格
1734,OPI,很奈斯
1736,OPI,不错
1737,OPI,很不错
1738,ASP,物流
1738,OPI,很快
1739,OPI,好迷你
1740,OPI,很好
1740,ASP,价格
1740,OPI,实惠
1740,OPI,很喜欢
1740,ASP,物流速度
1740,OPI,很快
1741,ASP,快递
1741,OPI,太快了
1742,OPI,非常好
1742,OPI,非常光滑
1743,OPI,还不错
1743,ASP,补水效果
1743,OPI,很好
1743,OPI,无刺激
1744,ASP,物流
1744,ASP,价格
1744,OPI,合适
1744,OPI,不错
1745,OPI,还可以
1746,ASP,美哒
1746,OPI,比想象中好
1747,OPI,特别好用
1747,OPI,不会差
1748,ASP,温和度
1748,OPI,比较好
1748,OPI,比较干净
1748,OPI,挺好
1749,OPI,很好
1749,OPI,很满意
1750,OPI,很好用
1750,OPI,还不紧绷
1751,OPI,很显白
1752,OPI,还不错
1752,OPI,不紧绷
1754,OPI,差不多
1755,OPI,挺好用的
1755,OPI,比较细腻
1755,OPI,不干燥
1755,ASP,味道
1755,OPI,很好闻
1756,OPI,便宜
1757,OPI,挺好的
1759,OPI,很好用
1760,OPI,很喜欢
1760,OPI,好舒服
1762,ASP,日期
1762,OPI,太旧了
1762,ASP,客服
1762,OPI,不回复
1762,ASP,调子
1762,OPI,高的
1763,OPI,很好
1763,OPI,不错
1763,OPI,很舒服
1763,OPI,好评
1764,OPI,大救星
1764,OPI,很细润
1764,OPI,很干的
1765,OPI,挺好
1765,OPI,挺自然
1766,OPI,太干
1767,OPI,还不错
1767,OPI,不油腻
1768,OPI,不错
1768,OPI,很不错
1768,OPI,还可以
1769,OPI,挺好的
1770,ASP,物流
1770,OPI,给力
1770,OPI,很喜欢
1771,OPI,还好
1771,OPI,便宜
1771,ASP,物流
1772,OPI,很多
1772,ASP,包装
1772,OPI,很可爱
1773,ASP,价格
1773,OPI,合理
1773,ASP,赠品
1773,ASP,送货速度
1773,OPI,很快
1774,OPI,很好
1774,OPI,很快
1775,OPI,很好
1775,OPI,很快
1776,OPI,太稀了
1776,ASP,清洁效果
1776,ASP,清洁能力
1776,OPI,一般
1776,OPI,可以
1777,OPI,物美价廉
1777,OPI,非常满意
1777,OPI,很好
1777,OPI,很薄
1778,OPI,挺好
1778,ASP,泡沫
1778,OPI,很多
1779,OPI,还行
1779,OPI,过敏了
1780,ASP,补水效果
1780,OPI,很好
1781,OPI,挺好的
1782,OPI,不错
1782,OPI,很实惠
1783,ASP,包装
1783,OPI,非常仔细
1783,ASP,发货速度
1783,OPI,非常快
1784,OPI,很好
1785,OPI,特别喜欢
1786,OPI,很舒服
1786,OPI,很柔滑
1786,OPI,不硬
1787,ASP,送货速度
1787,OPI,很快
1787,OPI,有点小贵
1788,OPI,不错
1788,OPI,很喜欢
1789,OPI,很好用
1789,OPI,遮暇
1789,OPI,棒棒的
1789,ASP,优惠活动
1789,OPI,很划算
1789,ASP,送货速度
1789,OPI,很快
1790,ASP,快递员服务
1790,OPI,很好
1791,OPI,挺好用
1791,OPI,很补水
1791,ASP,精华液
1792,OPI,不错
1792,ASP,物流
1793,OPI,超级喜欢
1793,OPI,特别舒服没有
1793,OPI,不刺激皮肤
1793,OPI,喜欢
1793,OPI,很好
1794,ASP,包装
1794,OPI,可以
1795,OPI,比较水润的
1795,OPI,比较自然
1796,OPI,蛮喜欢的
1797,ASP,物流
1797,OPI,很快
1798,OPI,便宜
1800,OPI,很好
1800,OPI,是正品
1801,OPI,补水
1801,OPI,美白
1801,OPI,保湿
1801,ASP,快递小哥服务态度
1802,OPI,挺好用的
1803,OPI,非常不错
1804,OPI,水嫩嫩的
1805,OPI,太赞了
1805,OPI,优惠
1806,OPI,很好用
1806,OPI,挺薄的
1806,OPI,很水润
1807,OPI,不错
1807,ASP,赠品
1809,OPI,不错
1809,OPI,是正品
1809,ASP,物流
1810,OPI,挺好用的
1811,OPI,挺好
1811,OPI,正品
1812,OPI,一日既往的好
1814,OPI,很好用
1814,OPI,滋润
1814,OPI,不油腻
1814,OPI,不紧绷
1814,OPI,喜欢
1815,OPI,挺好用的
1815,OPI,喜欢
1815,OPI,很自然
1816,OPI,不错
1817,OPI,很好用
1818,OPI,很喜欢
1819,OPI,非常不错
1819,OPI,淡淡的
1819,ASP,香味
1819,OPI,很自然
1820,OPI,特别实惠
1821,OPI,挺好用的
1821,ASP,隔离效果
1821,OPI,超级棒
1821,ASP,赠品
1821,OPI,比较完美
1822,OPI,不错
1822,ASP,颜色
1822,OPI,很正
1823,OPI,不错
1823,ASP,发货
1824,OPI,好用
1824,OPI,划算
1825,OPI,不错的
1825,ASP,客服态度
1825,OPI,很好
1825,OPI,很好
1825,OPI,满意
1826,OPI,没有
1827,OPI,太少
1827,OPI,还可以
1828,OPI,太简陋
1829,OPI,一般
1829,OPI,太差了
1830,OPI,特别好用
1830,ASP,发货
1830,OPI,特别快
1831,OPI,特别好用
1831,ASP,发货
1831,OPI,特别快
1832,OPI,挺干净的
1833,OPI,还不错
1834,OPI,非常好用
1835,OPI,不错
1835,OPI,不错
1836,ASP,活动
1837,OPI,还不错
1838,OPI,挺好用
1838,OPI,很柔和
1838,OPI,不紧绷
1839,ASP,补水效果
1839,OPI,不错
1840,OPI,不错
1840,OPI,物美价廉
1842,OPI,很贴心
1842,OPI,真的不错
1843,OPI,挺好的
1843,ASP,保湿
1843,OPI,很好
1843,OPI,不干
1843,OPI,很润
1844,OPI,很好
1844,OPI,很保湿
1845,OPI,还不错
1846,OPI,很合适
1847,OPI,很快
1847,ASP,速度
1847,OPI,蛮好的
1848,ASP,精华
1848,OPI,挺多的
1848,OPI,还不错
1849,OPI,不错
1850,OPI,挺好用的
1851,ASP,卸妆效果
1852,OPI,不好
1853,OPI,不错
1854,OPI,挺好用的
1855,ASP,物流速度
1855,OPI,很快
1856,OPI,不错
1857,OPI,不是粉
1857,OPI,很重
1858,OPI,挺清爽的
1858,OPI,不油腻
1859,ASP,活动
1859,OPI,好划算
1860,ASP,美白效果
1860,OPI,还是有
1861,OPI,不够好
1862,OPI,不错
1862,OPI,好评
1863,OPI,是正品
1863,OPI,很好用
1864,OPI,不错
1864,OPI,很好用
1864,ASP,快递小哥
1864,OPI,这么给力
1865,ASP,卸妆
1865,OPI,很干净
1865,OPI,温和不刺激
1865,OPI,滑滑的
1866,ASP,物流
1866,OPI,很快
1867,ASP,物流
1867,OPI,超快
1867,OPI,很好
1868,OPI,还不错
1870,ASP,赠品
1870,OPI,挺好的
1871,OPI,很不错
1871,ASP,增白效果
1872,OPI,不错
1872,OPI,挺好用的
1872,OPI,干净
1872,OPI,不紧绷
1873,OPI,很好
1873,ASP,送货
1873,OPI,快炒鸡
1873,OPI,很满意
1874,OPI,很适合
1876,OPI,自然
1876,ASP,遮瑕
1876,OPI,不是很好
1878,OPI,非常满意
1879,ASP,活动
1879,OPI,很划算
1880,OPI,太严重
1881,OPI,很好用
1881,OPI,嫩嫩的
1882,ASP,粉质
1882,OPI,服帖
1883,OPI,水水的
1883,OPI,滑滑的
1883,ASP,补水效果
1883,OPI,可以
1884,OPI,挺好用的
1885,OPI,很高
1885,OPI,很实惠
1885,OPI,很满意
1885,ASP,速度
1885,OPI,超快
1886,OPI,不错
1887,OPI,很喜欢
1888,OPI,很自然
1888,OPI,很细腻
1888,OPI,不干
1888,OPI,不过敏
1888,OPI,真的不错
1889,ASP,隔离
1890,ASP,大盒
1891,OPI,还不错
1892,ASP,活动价格
1892,OPI,还不错
1893,OPI,还不错
1894,OPI,好用
1895,OPI,清爽
1895,OPI,不油腻
1895,ASP,吸收
1895,OPI,很快
1895,OPI,方便取
1896,OPI,非常好
1897,OPI,很好
1899,ASP,服务态度
1899,OPI,一点也不好
1899,OPI,还过敏
1900,ASP,物流
1900,OPI,好给力
1900,OPI,喜欢
1901,OPI,不错
1902,OPI,还可以
1902,OPI,实惠
1903,OPI,挺不错的
1904,ASP,速度
1904,OPI,太快
1904,OPI,不错
1904,ASP,味道
1904,OPI,挺好闻的
1905,OPI,还可以
1905,OPI,间用
1906,OPI,细腻柔软
1906,OPI,用着舒服～
1906,ASP,包装
1906,OPI,很好
1907,OPI,喜欢
1907,ASP,垫妆
1907,OPI,非常好
1908,OPI,好用
1908,OPI,不紧绷
1909,ASP,活动
1909,OPI,更划算
1910,OPI,比较滋润
1911,OPI,不错
1911,ASP,颜色
1911,OPI,比较自然
1912,ASP,补水效果
1912,OPI,还不油腻
1912,OPI,好评
1913,OPI,挺好的
1914,ASP,包装
1914,OPI,没有损
1914,OPI,没有少
1916,ASP,效果
1916,OPI,不错
1916,ASP,味道
1916,OPI,淡淡的
1916,OPI,挺好闻
1917,OPI,不错
1917,OPI,很喜欢
1918,OPI,非常容易
1918,OPI,不错
1919,OPI,很快
1920,OPI,不好用
1920,OPI,没有
1921,OPI,很服帖
1921,OPI,清爽
1921,OPI,不粘
1921,OPI,喜欢
1922,OPI,不错
1922,OPI,很大的
1922,ASP,赠品
1922,OPI,物美价廉
1923,OPI,不错
1924,OPI,很满意
1925,ASP,保装盒？
1926,OPI,挺水润的
1927,OPI,好用
1927,OPI,不过敏
1928,ASP,价格
1928,OPI,非常实惠
1928,OPI,很舒服
1928,OPI,非常喜欢
1929,OPI,还可以
1930,OPI,很好
1930,ASP,价格
1930,OPI,非常实惠
1930,ASP,服务
1930,OPI,非常热情
1931,OPI,清爽
1931,OPI,不油腻
1931,OPI,很喜欢
1932,OPI,挺好的
1933,OPI,物美价廉
1933,OPI,货真价实
1933,OPI,五星好评
1934,OPI,还可以
1934,ASP,补水
1935,OPI,超级划算
1935,OPI,很舒服
1935,OPI,赞赞
1936,OPI,一般
1936,ASP,精华
1936,OPI,太少
1937,OPI,还不错
1937,OPI,还行可以
1938,OPI,不不错
1939,OPI,很不错
1940,OPI,超棒的
1941,OPI,不错
1942,ASP,活动
1942,OPI,非常合算
1942,OPI,剩余
1943,ASP,活动
1944,OPI,非常好
1945,ASP,包装
1945,OPI,是正品
1946,OPI,非常好用
1947,OPI,红肿
1948,OPI,很划算
1948,OPI,很舒服
1949,OPI,一般般
1949,OPI,很干
1949,OPI,抹不开
1949,OPI,不服帖
1950,OPI,不错
1950,ASP,包装
1950,OPI,精美
1950,ASP,日期
1950,OPI,新鲜
1952,OPI,细腻
1952,OPI,丰富
1952,OPI,轻微紧绷感
1953,OPI,还不错
1953,ASP,价格
1953,OPI,实惠
1954,ASP,赠品
1955,OPI,挺水润的
1955,OPI,很喜欢
1956,OPI,很好用
1957,OPI,是正品
1958,ASP,香味
1958,OPI,淡淡的
1958,OPI,蛮好
1958,OPI,不油腻
1958,ASP,增白效果
1959,ASP,保湿效果
1959,OPI,不错
1959,ASP,服务态度
1959,OPI,很好
1959,ASP,发货速度
1959,OPI,很满意
1960,OPI,非常好用
1960,OPI,滋润
1960,OPI,保湿
1960,OPI,不过敏
1961,ASP,物流
1961,OPI,一般
1961,ASP,快递盒
1961,ASP,包装
1962,ASP,快递
1962,OPI,挺快的
1962,ASP,包装
1962,OPI,很好
1962,ASP,快递员服务
1962,ASP,遮瑕效果
1962,OPI,不很好
1963,OPI,还没填
1964,OPI,不错
1964,ASP,赠品
1964,OPI,好用
1964,OPI,很实惠
1965,OPI,还不错
1966,ASP,快递
1966,OPI,真快
1966,ASP,包装
1966,OPI,有点简陋
1966,ASP,盒子
1966,OPI,有稍许破损
1967,OPI,非常满意
1968,OPI,比较方便
1969,OPI,不太好用
1969,OPI,太干
1970,OPI,挺好的
1970,OPI,自然
1970,OPI,不显假
1971,ASP,优惠力度
1971,OPI,很好用
1972,ASP,物流
1972,OPI,好快
1973,OPI,蛮清爽的
1974,OPI,眼周围
1974,OPI,很刺眼
1974,OPI,垃圾
1975,OPI,很明显
1975,OPI,很自然
1975,ASP,味道
1975,OPI,很不错的
1975,OPI,很清新
1975,OPI,很不错
1977,OPI,不错
1978,OPI,挺大一罐
1978,ASP,味道
1978,OPI,还行
1978,OPI,有点点白
1979,ASP,发货速度
1979,OPI,很快
1980,ASP,活动
1980,OPI,很实惠
1980,ASP,赠品
1981,OPI,很满意
1981,ASP,味道
1981,OPI,不大喜欢
1981,OPI,很舒服的
1981,OPI,很不错
1982,OPI,挺好用的
1982,OPI,比较服帖
1982,OPI,自然
1982,ASP,送过速度
1982,OPI,很快
1982,OPI,好评
1983,OPI,还可以
1983,ASP,价格
1983,OPI,优惠
1983,OPI,好评
1984,OPI,应该是正品
1985,OPI,超划算
1985,OPI,挺补水的
1986,OPI,挺好的
1986,ASP,遮瑕效果
1986,OPI,不错
1986,ASP,肤色
1986,OPI,提亮
1986,OPI,好多
1986,ASP,赠品
1987,ASP,活动
1987,OPI,挺好用的
1987,OPI,还不错
1987,OPI,很均匀
1987,OPI,小清香
1989,OPI,挺好的
1990,OPI,非常好用
1990,ASP,价格
1990,OPI,不贵
1991,OPI,很好用
1991,OPI,很适合
1992,OPI,好用
1992,OPI,好用
1992,OPI,好用
1993,OPI,不脱妆
1993,ASP,性价比
1994,OPI,很适合
1995,OPI,没有那么好
1995,ASP,味道
1995,OPI,淡淡的
1995,OPI,淡淡的还行
1996,OPI,很滋润
1996,OPI,不干
1996,OPI,还遮瑕
1997,OPI,特别喜欢
1997,OPI,特别舒服
1997,OPI,不刺激
1998,OPI,是正品
1998,ASP,味道
1998,OPI,淡淡的
1998,ASP,香味
1998,OPI,很棒
1998,OPI,很多小
1998,ASP,礼品
2000,OPI,天呐
2000,OPI,好多
2000,OPI,好实惠
2000,OPI,非常好用
2001,ASP,物流
2001,OPI,还行
2001,OPI,不太好
2001,OPI,还是不合适
2002,OPI,挺不错的
2003,OPI,非常好看
2003,OPI,不墙白
2003,ASP,颜色
2003,ASP,颜色自然
2003,ASP,外壳
2003,OPI,好看
2005,OPI,挺好的
2006,OPI,挺柔和的
2006,OPI,不刺激
2007,OPI,挺好用的
2007,ASP,保湿效果
2007,OPI,很好
2007,OPI,最好用
2008,OPI,凉凉的
2009,OPI,一般般
2010,OPI,非常好用
2011,ASP,补水效果
2011,OPI,不错
2012,OPI,很温和
2013,OPI,不错
2014,OPI,挺好的
2015,OPI,很锁水
2015,OPI,不会腻
2016,OPI,蛮干净的
2017,ASP,隔离效果
2017,OPI,滋润
2017,OPI,美白
2018,OPI,补水
2018,OPI,保湿
2018,OPI,可以
2018,OPI,五星好评
2019,OPI,很差
2019,ASP,客服态度
2019,OPI,不好
2019,OPI,没有
2020,OPI,不错
2021,OPI,不过敏
2021,ASP,味道
2021,ASP,泡沫
2022,OPI,特别好
2022,OPI,还不错
2022,OPI,没有搓泥什么的
2023,OPI,很好
2024,OPI,物美价廉
2024,ASP,发货
2024,OPI,很快
2024,OPI,五星好评
2026,ASP,清洗后效果
2026,OPI,很不错
2028,OPI,一般般
2029,OPI,好补水
2029,OPI,还可以
2029,OPI,比较轻薄
2031,OPI,特别补水
2032,OPI,细腻
2032,OPI,自然
2032,OPI,很多
2032,ASP,赠品
2032,OPI,太好
2033,OPI,挺好用
2034,ASP,卸妆
2034,OPI,很温和
2034,OPI,还不错
2034,OPI,挺舒服的
2034,OPI,很划算
2034,OPI,超级实惠
2034,OPI,很好用
2035,OPI,非常好用
2035,ASP,活动
2035,OPI,超级划算
2036,OPI,垃圾
2036,OPI,差评
2037,ASP,送货
2037,OPI,特别快
2037,OPI,非常感
2037,OPI,太划算
2038,OPI,很不错
2038,OPI,很不错呀实惠
2039,OPI,不错
2039,OPI,好用
2040,OPI,很不错
2040,ASP,味道
2041,OPI,很轻薄
2042,OPI,是正品
2043,ASP,物流
2043,OPI,很快
2043,OPI,挺不错
2044,OPI,很给力
2045,ASP,价钱
2045,OPI,挺好的
2046,OPI,一股臭
2047,OPI,还不错
2048,OPI,真的好用
2048,ASP,精华
2048,OPI,特别多
2049,OPI,评价
2049,OPI,很喜欢
2049,OPI,淡淡的
2049,ASP,香味
2049,OPI,不腻
2050,OPI,还行
2050,ASP,包装
2050,OPI,还可以
2051,OPI,很自然
2051,OPI,白的好假
2051,OPI,自然的美
2051,OPI,不错
2052,OPI,好用
2052,OPI,很服帖
2053,OPI,否正品
2054,OPI,发干
2054,OPI,严重
2055,OPI,挺好的
2056,ASP,优惠力度
2057,OPI,便宜太多了
2058,ASP,价格
2058,OPI,实惠
2058,ASP,送货
2059,OPI,不错
2059,OPI,爱妻
2059,OPI,非常喜欢
2059,ASP,快递小哥服务到位
2060,OPI,很清爽
2061,ASP,味道
2061,OPI,淡淡的
2062,OPI,难闻
2062,OPI,不会起泡泡
2063,OPI,挺好的
2065,OPI,好用
2065,OPI,特别湿润
2065,OPI,还有弹力
2065,ASP,补水效果
2065,OPI,没得
2065,OPI,细致
2065,OPI,补水
2065,OPI,神器
2066,OPI,很好
2067,OPI,很少
2067,OPI,不一样
2067,ASP,味道
2067,OPI,还勉
2067,OPI,强可以
2067,OPI,不像是正品
2068,OPI,香中带着
2068,OPI,难闻的
2068,ASP,气味
2068,OPI,不好用
2068,OPI,好用
2069,OPI,好用
2070,OPI,很严重
2071,ASP,物流
2071,OPI,超快
2071,OPI,是正品
2072,OPI,正品
2072,ASP,补水效果
2072,OPI,很好
2072,OPI,刺激
2073,OPI,特别薄
2073,OPI,很服帖
2073,OPI,容量多
2073,ASP,香味
2073,OPI,有点重
2074,OPI,好不好用
2074,ASP,包装
2074,OPI,太差
2075,OPI,很服帖
2075,OPI,挺遮毛孔的
2075,ASP,持妆效果
2075,OPI,不错
2075,OPI,没问题
2076,OPI,不错
2076,OPI,很喜欢
2077,OPI,还可以
2077,ASP,价格
2077,OPI,合理
2078,OPI,不错
2078,OPI,还可以
2078,OPI,不错
2079,OPI,很好
2079,ASP,遮暇效果
2079,OPI,不错
2079,ASP,快递
2079,OPI,很快
2079,OPI,满意
2080,OPI,很划算
2081,OPI,很服帖
2081,OPI,很好看
2081,ASP,味道
2081,OPI,香香的
2081,OPI,很不错
2082,OPI,很水润
2082,OPI,很服帖
2082,OPI,很划算
2083,OPI,还可以
2083,OPI,很好吸收
2083,ASP,盖子
2083,OPI,很蠢
2084,OPI,蛮好的
2085,OPI,好评
2086,OPI,不少
2086,ASP,客服小茜服务
2086,OPI,很好
2087,OPI,蛮好的
2088,OPI,还不错
2089,OPI,很不错
2089,ASP,价格
2089,OPI,适中
2091,OPI,好用
2092,OPI,是正品
2092,OPI,挺滋润
2092,OPI,特别方便
2092,ASP,快递
2092,OPI,非常快
2093,OPI,很好用
2094,ASP,正品
2094,OPI,很好用
2095,OPI,好用
2095,OPI,非常喜欢
2096,OPI,挺好的
2097,OPI,很补水
2098,OPI,一如既往的喜欢
2099,ASP,物流
2099,OPI,很快
2099,OPI,很满意
2100,OPI,很不错
2100,OPI,容易抹开
2100,OPI,很喜欢
2101,OPI,很多次
2101,OPI,很划算
2102,OPI,刺鼻
2102,ASP,气味
2102,OPI,不是正品
2103,ASP,包装
2103,OPI,精美
2103,OPI,物美价廉
2103,OPI,非常值
2104,OPI,很喜欢
2104,ASP,上妆
2104,OPI,特别服帖
2104,ASP,物流
2104,OPI,很快
2104,ASP,价格
2104,OPI,实惠
2105,OPI,很棒
2106,OPI,很好用
2106,ASP,快递
2106,OPI,很快
2106,OPI,是正品
2107,OPI,还不错
2107,OPI,挺自然
2107,ASP,遮瑕
2107,OPI,不太好
2108,ASP,活动价下
2108,OPI,划算
2110,OPI,不错
2110,ASP,盖子
2110,ASP,盖子设计
2110,OPI,太狗血
2110,OPI,好难盖
2111,OPI,非常好
2111,ASP,快递速度
2111,OPI,很快
2112,OPI,比较便宜
2113,OPI,过敏
2113,OPI,太干
2114,ASP,性价比
2114,OPI,很不错
2115,OPI,挺好的
2116,OPI,挺好的
2117,OPI,有点刺痛
2118,ASP,包装
2118,OPI,不好
2119,OPI,很好用
2119,OPI,很划算
2119,OPI,太满意
2120,ASP,补水效果
2120,OPI,很不错
2121,OPI,洗得干净
2121,ASP,泡沫
2121,OPI,丰富
2121,OPI,不是特紧绷
2121,ASP,物流
2121,OPI,好评
2122,OPI,超级好用
2122,OPI,非常保湿
2122,OPI,特别好
2123,OPI,还可以
2124,OPI,好用
2124,OPI,不紧绷
2124,OPI,很舒服
2125,OPI,不错用
2126,OPI,是正品
2126,ASP,补水效果
2126,OPI,很好
2127,ASP,赠品
2127,OPI,没有
2128,OPI,好用
2129,OPI,不错
2129,OPI,不会过敏
2129,OPI,比较适合
2129,ASP,价格
2129,OPI,不贵
2130,ASP,清洁度
2130,OPI,中等
2130,OPI,很柔和舒服
2130,OPI,很OK
2131,ASP,质量
2131,OPI,非常好
2132,OPI,很好
2132,OPI,很补水
2134,ASP,服务态度
2134,OPI,很好
2134,OPI,很好用
2135,ASP,包装
2135,OPI,很好用
2136,ASP,活动
2136,OPI,特别划算
2136,ASP,补水效果
2136,OPI,不错
2137,ASP,物流
2137,OPI,很快
2138,OPI,很喜欢
2138,OPI,提肤色
2138,OPI,很自然
2138,ASP,香味
2138,OPI,优然
2138,ASP,物流
2138,OPI,超快
2139,OPI,喜欢得不得了
2141,ASP,物流
2141,OPI,很快
2141,OPI,不错
2142,OPI,还不错
2143,OPI,温和型
2143,OPI,很好用
2144,ASP,补水效果
2144,OPI,非常好
2145,ASP,物流
2145,OPI,很快
2145,OPI,还不错
2146,ASP,包装
2146,OPI,不错
2147,OPI,非常好
2147,OPI,保湿
2147,OPI,贴皮肤
2148,OPI,超级贴心的
2148,ASP,服务
2148,OPI,淡淡的
2148,ASP,香味
2148,OPI,蛮保湿的
2148,ASP,赠品
2148,OPI,很好
2149,ASP,活动
2149,OPI,最合适
2150,ASP,包装
2150,OPI,挺好的
2151,OPI,很好用
2152,OPI,很好用
2152,ASP,补水效果
2152,OPI,超好的
2153,OPI,很好
2155,OPI,很好用
2155,ASP,保养
2156,ASP,包装
2156,OPI,不太好
2156,ASP,快递服务态度
2156,OPI,很好
2157,ASP,物流
2157,OPI,给力
2158,ASP,补水效果
2158,OPI,很好
2158,OPI,没有
2159,ASP,配送小哥
2159,OPI,棒棒哒
2160,OPI,香香的
2160,OPI,很好
2161,OPI,太香了
2162,OPI,非常好
2162,ASP,价钱
2162,OPI,给力
2162,OPI,还优惠
2162,OPI,心实惠
2163,OPI,很补水
2164,OPI,非常好用
2164,ASP,隔离
2165,ASP,味道
2165,OPI,太刺鼻
2165,OPI,没有泡沫
2165,OPI,不好
2166,OPI,香香的
2166,OPI,很细腻
2166,OPI,滑滑的
2166,OPI,很舒服
2167,OPI,不错
2167,OPI,很实惠
2168,OPI,滑滑的
2168,OPI,干净
2169,OPI,还可以
2170,ASP,快递
2170,OPI,真的好快
2171,OPI,是快
2172,ASP,价格
2172,OPI,没差别
2173,OPI,奇怪的
2173,OPI,奇怪的味道
2173,OPI,还可以
2174,OPI,不错
2175,OPI,一般
2175,OPI,不干净
2176,ASP,味道
2176,OPI,超级好用
2176,OPI,超级好用
2177,ASP,粉扑
2177,OPI,不怎么好
2177,OPI,不方便
2177,ASP,颜色
2177,OPI,不是很自然
2178,OPI,还行吧
2179,OPI,接受的油腻
2179,OPI,很好
2179,ASP,气味
2179,OPI,不太好闻
2180,OPI,很好用
2181,OPI,很好用
2181,OPI,好评
2182,OPI,挺便宜
2183,ASP,物流
2183,OPI,好快
2184,OPI,还可以
2184,ASP,送包装
2185,OPI,挺好的
2186,OPI,还可以吧
2187,ASP,物流
2187,OPI,是正品
2188,ASP,包装盒
2188,OPI,没有
2188,OPI,还行
2189,ASP,快递
2190,ASP,隔离
2190,ASP,香味
2190,OPI,很喜欢
2190,OPI,很淡
2191,ASP,活动
2191,OPI,挺划算
2192,ASP,发货
2192,OPI,很快
2192,OPI,省心
2192,OPI,省时
2192,OPI,省力
2193,OPI,很好用
2194,ASP,包装
2194,ASP,物流
2194,OPI,不卡粉
2194,OPI,很润
2194,OPI,很满意
2195,OPI,适合
2196,ASP,味道
2196,OPI,好闻
2197,OPI,不是太好用
2198,ASP,发货
2198,ASP,包装
2198,OPI,好看
2198,OPI,满意
2199,OPI,很划算
2200,OPI,还可以
2201,OPI,很好
2202,ASP,包装
2202,OPI,一般
2202,OPI,很精致
2202,ASP,量问
2202,OPI,不是很好
2204,OPI,有泡沫
2204,OPI,不细腻
2204,ASP,味道
2204,OPI,还行
2205,OPI,没过敏
2205,ASP,补水
2205,OPI,还可以
2205,OPI,不错
2206,OPI,不错
2206,OPI,挺好
2206,OPI,温和
2206,OPI,不刺激
2206,OPI,不错
2208,ASP,活动
2208,OPI,很便宜
2208,ASP,性价比
2208,OPI,挺高的
2208,OPI,不心疼
2209,OPI,还行
2209,ASP,价格
2209,OPI,不贵
2209,OPI,经济
2209,OPI,实惠
2210,OPI,不错
2210,OPI,很自然
2211,OPI,喜欢
2211,OPI,超级喜欢
2212,OPI,便宜点
2212,OPI,更贵
2213,OPI,超级棒
2213,ASP,补水效果
2213,OPI,挺不错
2214,ASP,物流
2214,OPI,挺快的
2214,OPI,还不错
2214,OPI,挺舒服的
2215,ASP,包装
2215,OPI,不好
2216,OPI,挺好的
2216,OPI,细腻
2216,OPI,有光泽
2216,ASP,赠品
2216,OPI,不错
2217,OPI,超划算
2217,OPI,很好
2218,OPI,不错
2219,OPI,特别开心
2219,OPI,特别好用
2220,ASP,客服
2220,OPI,耐心
2221,ASP,补水效果
2221,OPI,很好
2222,OPI,有点偏干
2222,OPI,不润
2223,OPI,挺好
2223,OPI,挺适合
2224,ASP,清洁效果
2224,OPI,还可以
2224,OPI,比较优惠些
2225,OPI,一般
2225,OPI,一般
2225,ASP,价格
2227,OPI,不错
2227,OPI,好评
2228,OPI,挺好的
2229,ASP,包装
2229,OPI,很好
2229,OPI,棒棒哒
2229,OPI,是正品
2230,OPI,不错
2230,OPI,划算
2231,OPI,很细腻
2231,OPI,有点少
2232,ASP,物流
2232,OPI,超快
2232,OPI,很好用
2233,OPI,挺显白的
2234,OPI,很不错
2234,OPI,容易推开
