1,_,是正品
1,_,不错的
2,_,喜欢
2,颜色,_
3,_,挺细腻的
4,_,还行
5,_,不错
6,_,很细腻
6,_,贴合肤色
6,_,很好
7,_,特别好用
7,_,很喜欢
8,_,好评
9,_,还可以
10,_,不错
11,_,不错
11,_,没有油腻
11,_,很清爽
11,_,水润
11,_,不错
11,_,很清爽
11,_,水润
12,包装,一般
12,_,还行
13,_,一般般
14,_,不错
15,_,速度快
15,包装,很不爽
16,_,好用
17,发货,速度快
18,_,很喜欢
18,_,很好用
19,_,很好
19,_,不错
19,_,喜欢
20,_,自然
20,_,不油腻
21,_,挺好用
21,_,好评
22,_,很适合油
23,_,很不错
23,_,很贴肤细腻
24,_,不错
25,_,优惠
26,_,很好用
26,_,太贵了
26,_,有点干
27,_,真心不错
28,_,较慢
28,_,油腻
28,_,一般
29,_,很好用
29,_,很温和
30,_,还可以
31,_,不错
31,_,非常好
32,卸妆,干净
32,_,好评
33,_,好用
34,_,很好
34,_,不错
35,_,很多
35,_,有些不合适
35,_,有些痒
35,_,很不舒服
36,快递,很快
37,速度,很快
37,_,很划算
38,_,很水润
38,包装,不错
39,物流,很快
39,快递小哥服务,很好
39,_,是真的
41,_,很好用
41,_,不紧绷了
42,_,一般
43,_,挺好用的
43,酒精味重,_
44,到货,很喜欢
45,_,很好
46,_,还可以
47,_,非常不错
47,_,没有刺鼻
47,味道,很温和
48,_,还行
48,_,不错
49,盒子,没有
49,_,太垃圾
50,_,淡淡的
50,香味,还不错
50,_,不提供
50,发票,不方便
51,_,不错
52,_,好用
52,_,显白
52,_,不油腻
53,_,好不好用
53,价格,挺便宜
54,_,不错
54,快递速度,_
54,快递小哥,点赞
55,_,很不错
56,_,很喜欢
57,_,不怎么好用
58,_,不怎么好用
59,_,亲肤柔和
59,_,满意
60,_,辣眼睛
61,_,非常好
61,_,很滑
61,_,很嫩
63,_,不好用
65,_,很适合
65,_,不错
66,_,不错
67,物流,很快
69,物流,非常快
69,包装,不错
70,快递,给力
71,_,还可以
72,_,保湿
72,_,滋润
72,_,挺好的
73,包装,很一般
74,_,过敏
75,_,不怎么滴
76,_,真心不错
76,活动,非常划算
76,_,有好
76,_,温和
76,_,不刺激
77,_,很好用
78,_,好评
79,价格,便宜
79,性价比,_
79,包装,不错
79,_,还可以
80,包装,很好
80,快递,_
81,_,还不错
82,_,很好用的
83,_,不错
83,物流,很快
84,_,还行
85,_,还不错
86,_,设计
86,_,很喜欢
87,_,很好用
87,修复,光光滑的
87,_,超喜欢
88,速度,很快
88,_,水润润
88,_,好评
89,_,很温和
89,_,很清爽
89,_,不紧绷
89,_,很划算
90,_,非常好用
91,_,不错
92,_,挺好的
92,_,不错
93,_,不是很喜欢
93,味道,_
94,_,很好用
94,味道,特别好闻
94,_,很细腻
95,价格,优惠
95,_,满意
96,_,挺好的
97,_,特别滑
97,精华液,挺多
97,_,好评
98,包装,精美
98,价格,实惠
99,_,很不错
99,_,非常喜欢
99,赠品,_
99,快递,给力的
100,补水效果,较好
101,补水效果,特别好
101,_,特别水润
102,性价比,还可以
103,味道,淡淡的
103,_,不油腻
103,_,新的旧
103,包装,_
104,_,很喜欢
104,_,水水的
105,_,可以
105,_,便宜
105,_,实惠
106,_,还可以
107,活动,超级好用
108,_,很不错
108,隔离,_
109,_,不错
110,_,很好用
111,味道,_
112,_,补水
112,_,还不错
112,性价比,很高
113,_,是正品
113,香味,浓郁
113,遮瑕效果,非常好
114,保湿效果,不错
114,_,挺好用的
115,_,非常好用
116,_,很好用
117,_,值得信赖
118,无流,很快
118,_,挺好的
119,价格,合适
119,_,不贵
120,_,是正品
120,性价比,最高
120,_,很好用
120,物流,很快
121,_,挺好的
121,_,不错
122,_,挺好的
123,味道,真的不好闻
123,_,很次
123,_,滑石粉
124,_,可以
125,_,很好用
126,_,好用
126,_,好用
126,_,还不贵
127,_,不错
127,_,好用
128,_,好用
129,_,还可以吧
130,_,好些
131,_,物美价廉
131,发货,_
131,盒子,很漂亮
132,活动,_
133,_,不好
134,_,一般般
135,物流,_
136,_,一点
136,赠品,没有
136,价格,差不多
137,_,好用
137,_,超级好用
137,_,不干
137,_,很舒服
138,_,不紧水份多
138,价格,便宜
139,_,大爱大爱
139,_,大爱大爱
139,_,超级补水
139,_,超级划算
139,_,五星好评
141,送货,_
142,_,很好用
142,补水效果,很好
142,_,滋润
142,_,服帖
142,_,完美
143,_,很喜欢
143,补水,特别好
144,_,挺实惠
144,_,蛮好用
144,_,很滋润
145,物流,很快
145,_,很好用
145,赠品,_
146,物流,杠杠的
146,包装,不错
147,_,特别轻薄
147,_,透气
147,_,补水
148,_,还可以
149,补水效果,特别好
150,_,还可以
150,吸收效果,不是太好
151,_,很好
151,_,补水的
152,_,好评
153,_,不是太喜欢
154,_,超级不错
154,_,细腻
154,_,不起
154,配送员服务,超好
154,_,点赞
155,_,搓泥
155,_,适合油
155,_,适合油性肌肤
156,_,经济
156,_,实惠
156,送货速度,_
157,_,很好用
159,遮暇力度,不油腻
159,上妆,服帖
159,_,超高
159,_,喜欢
160,_,是正品
161,_,不错
162,_,很好用
162,_,很实惠
163,_,挺好
163,物流,很快
163,价格,实惠
164,_,挺好用的
164,卸妆,很温和
164,_,很清爽
164,_,不伤皮肤
165,包装,_
165,十分,不好
166,_,很喜欢
166,物流速度,不错
167,_,很喜欢
167,物流速度,不错
168,_,挺好用的
169,_,非常不错
169,_,实惠
170,_,挺好用的
170,_,挺滋润的
171,_,好评
171,_,好用
173,_,不怎么好用
174,_,收快
174,_,超级滋润
174,活动,给力
175,包装,_
175,盒子,_
176,_,不错
176,_,很好闻
176,_,很好
178,_,有点点卡粉
178,_,不咋个
178,遮瑕,_
179,_,一如既往的好
180,_,挺满意的
180,_,还不错
180,补水效果,挺好的
180,_,有点紧绷？
181,_,超所值
181,_,物聊
181,_,超快
182,_,容易推开
182,_,不油腻
183,_,很好
183,_,不过敏
183,_,很保湿
183,_,不油腻
184,_,还不错
184,遮盖,挺干的
185,_,很好用
185,_,正品
186,_,不错的
186,_,比较优惠
187,_,不错
188,物流速度,是快
188,_,非常不错
189,保湿效果,很好
190,_,特别好用
191,_,很滋润
191,_,不脱妆
191,_,挺好用的
192,价格,合适
192,_,不错
193,_,很不错
194,_,很好用
195,_,不错
196,_,不是很多
196,气味,很好
196,_,淡淡的
197,_,一般
198,包装盒子,没有
199,_,还行
200,_,还可以
200,_,不紧绷
201,物流,很快
201,_,很满意
201,_,还不错
202,_,可以的
202,_,有些油
203,_,很喜欢
203,送货,_
203,送货速度,棒棒的
204,_,很喜欢
205,_,挺好的
205,物流,挺快
205,_,好评
206,_,还可以
207,_,很好
207,_,贴肤
207,_,不卡粉
208,_,很精美
208,_,很好用
209,_,很喜欢
210,_,挺好用的
210,味道,香香的
210,_,很滑
210,_,很舒服
210,_,好评
211,_,最好
211,速度,_
212,_,还贵些
212,活动,给力
213,补水效果,特别好
213,_,很喜欢
214,_,假的
214,泡沫,没有
215,效果,不好
215,_,好用
216,_,不错
217,_,非常好用
217,_,很干净
218,_,很好用
218,_,不油腻
219,_,不错
219,快递,超级给力
220,成分,_
220,活动,_
220,赠品,_
221,包装,挺好看
221,快递小哥,_
222,_,不错
222,_,很多小
222,_,喜欢
223,_,很便宜
225,_,好用的
227,_,很好
228,_,好用
228,_,很方便
229,速度,飞快
230,_,光滑
230,_,可以
231,_,不过敏
231,_,很好用
232,物流,真心不错
232,_,喜欢
233,_,很好
233,物流,很快
233,_,便宜
234,_,物超所值
234,_,好评
236,_,还好
237,_,水润
237,_,轻薄
237,_,比较保湿
239,_,优惠
240,_,很好
240,_,很喜欢
241,_,不错
242,补水,还可以
242,精华液,很多
242,_,不错
243,_,便宜
244,_,一般
245,_,不错
245,_,非常好用
246,速度,算是快
247,服务,很好
247,性价比,很不错
248,_,还不错
249,_,很美白
249,味道,很舒服
249,_,很喜欢
250,_,挺好的
250,_,滋润
250,_,不油腻
251,_,不错
252,_,挺好用的
252,_,很服帖
252,_,自然
253,_,过敏
253,_,起红点红斑
253,_,非常痛
254,_,希望好用
254,_,难题
255,_,一般
255,_,好用
256,_,挺好用
256,精华,好多
257,_,方便
257,_,快捷
257,_,不错
257,活动,不给力
259,_,非常的好用
260,_,好小
262,_,特便宜
263,_,好评
263,_,好用
264,_,物有所值
266,_,还可以
267,_,还可以
267,_,有点干
267,_,没有提亮肤色的
268,_,好用
268,_,便宜
270,味道,很奇怪
270,_,辣眼睛
271,_,很滋润
271,_,特别喜欢
272,_,美美哒
273,物流,很快
273,包装,完好
273,服务,满意
274,活动,_
274,价格,优惠
274,补水效果,不错
275,_,挺好用的
275,_,淡淡的
275,香味,不脱妆
276,_,很好用
278,_,很舒服
278,补水效果,很好
279,_,很一般
280,_,正品
280,_,实惠
280,快递,很快
280,_,满意
281,_,真的不错
282,味道,_
282,味道清淡水的泡沫,清淡水的
282,_,很细腻
282,_,没有
283,_,正品
283,_,特别省
284,_,超级划算
284,包装,好看
287,_,挺好用的
288,_,挺好的
289,物流,很快
289,_,棒棒哒
290,_,挺好用的
292,补水效果,很好
293,_,很好用
294,_,不错
294,_,非常清爽
296,_,很多
298,_,还可以
299,赠品,最优惠
300,_,不错
300,_,很服帖
300,物流,很快
301,_,很棒的
301,价格,_
302,_,不干燥
302,_,滑滑的
304,_,不错
304,_,很舒服
305,_,不错
305,_,好评
306,_,很喜欢
306,礼品,_
307,_,比较实惠
308,_,很好用
309,_,不错
310,快递,真快
310,_,很满意
311,粉底,太少了
311,_,很少干干
311,_,有粉底
312,_,不错
312,_,很好用
313,_,很香
313,_,很白
313,_,还可以
314,_,不错
314,遮瑕效果,_
315,_,有点小过
316,_,挺好
316,_,相当实惠
318,_,差评
318,_,太小
318,精华,太少了
319,上妆效果,还可以
320,_,是正品
320,赠品,_
321,_,很好
321,保湿,不错
321,价格,合适
323,_,物美价廉
324,包装,很好看
325,补水效果,很好
325,_,很薄的
326,_,强能用
326,价格,_
327,保湿效果,很好
328,_,很喜欢
328,_,非常喜欢
328,质量,很高
328,_,特别喜欢
329,_,不错
329,_,挺好用的
331,_,真的不错
332,_,很服帖
332,_,超服帖
333,_,很不错
333,_,有点淡
334,_,提亮肤色
334,_,不油腻
334,_,清新的感
335,味道,好闻
335,保湿效果,_
336,_,不错
336,速度,很快
337,_,不错
337,速度,很快
338,_,不错
338,速度,很快
339,_,不错
339,速度,很快
341,_,很好
341,物流,给了
341,_,不错
342,_,很好
342,物流,给了
342,_,不错
343,_,给力
343,速度,_
344,_,有点干
345,_,不错
345,送货,很快
346,_,很好
346,_,很喜欢
347,_,粉嫩嫩的
347,_,很适合
347,_,非常滋润
347,_,不干也不油腻
347,_,很自然
348,泡沫,很多
348,_,不干
348,_,挺滋润的
348,_,超级划算
349,_,很实惠
349,发货速度,很实惠
349,发货速度,_
350,_,温和
350,_,洗后
350,_,不紧绷
350,_,最大的
351,大盒,_
352,_,非常平价
352,_,补水
352,_,不错
353,酒精味,不联系
354,_,还可以
354,_,还不错
356,_,还不错
358,_,很不错
359,_,还算可以
361,味道,很好闻
361,_,还好
362,_,还不错
362,_,挺好用
362,价格,实惠
363,保湿效果,非常好
364,_,不错
365,_,很薄
365,_,很水润
365,_,不过敏
366,_,可以
366,_,不错
366,_,很清爽
366,_,不油腻
367,_,淡淡
367,味道,不辣眼睛
367,_,挺好用
368,_,还是油
369,_,不错
370,补水效果,非常好
371,快递,很给力
373,_,挺好的
373,_,超多
374,_,挺好用的
375,_,不错
375,_,货真价实
376,_,挺好用的
377,物流,颜色好
377,_,物超所值
378,包装,很好
378,物流,很快
378,_,不错
378,_,非常物美价廉
379,快递,真的好快
380,_,非常好
381,到货速度,_
382,_,很好
382,_,挺薄的
382,精华,挺多的
382,_,很舒服
383,价格,实惠
383,_,可以
384,_,很保湿
385,提亮效果,还不错
386,_,还好吧
386,日期,新鲜
387,_,不错
388,_,很好用
389,_,还行
389,_,比较自然
390,_,超喜欢
390,味道,香香的
390,快递,很给力
391,_,挺滋润的
391,_,比较干
391,_,很服帖
391,_,很滋润
392,_,可以
392,_,很好用
393,控油效果,好用
394,_,很喜欢
395,_,超级润
395,_,喜欢
395,_,不错
396,_,太好用
399,_,很自然
399,质地,保湿
399,_,滋润
399,香味,_
400,_,很好用
400,_,很喜欢
401,_,好干净
401,_,不紧绷
402,补水功能,强大
403,保湿效果,确实不错
404,_,快递
405,快递,很给力
405,包装,很好
405,_,还可以
406,_,很好用
406,_,很喜欢
407,_,挺好的
408,_,非常舒服
408,_,不会特别拔干
409,_,很好
409,_,非常好
409,_,非常好
410,_,超级好用
410,活动,很划算
411,_,不上
412,_,好评
413,补水效果,相当不错
413,精华液,特别多
413,_,喜欢
414,_,不错
415,_,物美价廉
416,_,不错
416,_,非常清爽
416,_,不油腻
417,_,不错
417,活动,_
417,物流,很快
418,_,还可以
418,价格,很实惠
419,_,还可以
419,价格,很实惠
420,_,很划算
421,_,非常喜欢
421,_,正品
422,_,非常好用
423,_,挺好的
423,_,挺好用
423,价格,实惠
424,_,是正品
424,_,很不错
425,_,很不错
426,_,很小罐
427,补水效果,很好
427,_,很喜欢
428,_,非常不错
429,_,非常适合
429,_,均衡肤色
430,_,蛮好的
430,精华,挺多的
431,_,挺好
431,味道,好闻
431,_,不错
432,_,物美价廉
432,_,便宜
432,_,实惠
432,_,可以
433,酒精味浓,_
434,快递小哥服务,很不错
435,_,挺喜欢
435,_,好评
436,_,比较清爽
436,_,不油腻
436,物流,_
437,_,挺不错
438,物流,超级给力
438,_,非常快
438,_,非常不错
439,_,还不错
440,_,很好用
441,_,很好用
442,_,挺不错的
443,_,很不错
443,_,好用
444,_,不油腻
444,_,好评
444,_,有点贵
445,_,很好
445,_,很香
445,_,很喜欢
445,_,很棒
446,_,还可以
446,精华,挺充足的
446,_,接受
447,_,很好用
447,_,很干净
447,_,不紧绷
449,_,超级大赞
450,_,非常好用
450,_,细腻
450,_,白皙
450,味道,特别好闻
451,_,很喜欢
452,_,非常好用
452,精华,很多
452,_,超棒
453,物流,很快额
454,_,还可以
455,五分,好评
456,_,还可以
456,_,挺补水的
457,_,不错
457,_,很好用
458,_,保质期
459,物流,很快
459,_,显白
459,_,稍微有点干
460,_,满心欢
461,_,很好
461,速度,_
462,快递速度,很快
462,_,不错
463,隔离效果,温和
463,_,不刺激
464,_,挺好的
464,物流,挺快的
465,_,挺好用的
465,赠品,_
466,_,不错
466,_,很好的
467,_,很喜欢
468,_,不错
469,_,不像正品
470,_,蛮快
471,_,过敏了
471,_,非常不愉快
471,物质,_
472,_,还不错
472,_,淡淡的
472,香味,_
472,服务态度,_
473,_,特别好用
473,_,很喜欢
474,_,保湿
474,_,不干
474,_,很喜欢
475,_,挺好用的
476,快递,杠杠滴
477,_,是正品
477,_,特好用
479,_,还不错
480,_,还不错
480,_,很补水
482,_,太油了
483,_,好评
483,快递小哥,_
483,快递小哥,万个
484,赠品,_
485,_,润润的
485,_,易吸收
485,香味,很舒服
486,上妆效果,_
487,_,赞一个
488,_,真心不错
489,_,挺好用的
489,吸收,挺快的
490,_,不好
492,服务态度,很好
493,_,很好用
493,活动,很划算
494,_,不错
495,_,特别好
495,_,非常喜欢
496,包装,_
497,_,很好
497,_,很好
499,_,还好
500,_,还行
501,_,很好用
502,_,很好用
503,_,还不错
504,_,是正品
504,_,很好
505,_,涂着不舒服
505,酒精味,_
506,活动,_
507,_,可以啊
507,_,提好用
508,_,很好用
508,_,还不错
509,_,还不错
510,_,确实不错
511,_,很好用
511,_,滑滑的
512,保湿效果,不错
512,粉质,细腻
513,_,是正品
514,_,不错
514,_,喜欢
515,_,不错
516,_,还不错
516,_,很不错
517,_,好用
517,_,过年美美哒
518,_,清爽爽
518,_,不油腻
519,包装,很满意
519,物流,很快
519,_,很好用
520,包装,比较优惠
520,物流,_
520,配送员服务,_
521,包装,比较优惠
521,物流,_
521,配送员服务,_
522,_,好用
523,_,挺好的
523,_,很实惠
525,_,还不错
526,_,很多
527,_,很爱起泡沫
527,泡沫,很细腻
527,_,很温和
527,味道,很好闻
527,_,正品
528,_,假的
529,塑料味,_
530,_,很好
532,_,可以
534,味道,很好
534,_,容易推开
535,_,便宜
535,_,很好
535,_,不过敏
535,_,好用
536,_,很自然
536,_,不错
537,_,不错
538,_,还不错
538,价格,实惠
538,性价比,不错
539,_,挺好的
539,_,很正
539,_,方便
540,_,好评
541,垃圾,_
542,_,还行
542,_,不是很白
542,味道,可以
542,_,很难洗下
543,性价比,非常高
543,物流,非常快
544,_,不错
544,_,一般
544,_,较自然
545,_,太温和
545,_,滑滑的
546,_,不错
546,收货,不错
546,_,挺好的
547,补水,保湿
547,_,清爽
547,_,不油腻
548,_,巨坑
548,_,降价
548,_,那么快
549,_,补水
549,_,不错
550,包装,很简陋
551,补水效果,不错
553,_,很满意
554,物流,_
555,物流,值得信赖
555,_,很满意
556,_,不好
556,_,过敏
556,清洁能力,_
556,香味,_
557,_,物廉价美
558,味道,很难形
558,_,很讨厌
559,_,很好用
559,_,不卡粉
559,上装,很自然
559,_,滑滑的
559,_,很喜欢
560,_,还不错
560,_,挺滋润
561,包装,很精致
561,态度,一切
561,_,挺好的
562,包装,很精致
562,态度,一切
562,_,挺好的
563,快递,很快
563,_,很好
563,_,极力推荐
564,_,很好用
565,_,不错
566,_,不怎么好用
567,精华,很多
567,_,很舒服
568,_,吸收
571,_,不错
572,_,还可以
572,包装,很不错
572,_,好的
573,_,不怎么的好
574,_,挺好的
574,_,蛮好用
574,_,稍微味道大点
574,_,不错
575,_,不是很白
575,_,不是遮暇的
575,_,太差劲了
576,_,比较大
576,_,不适合
576,_,太白了
577,_,很不错
578,_,不好用
579,_,很好
579,_,不错
579,_,很适用
579,气味,很清香
580,_,好划算
581,_,正不敢用
582,_,蛮好的
583,_,非常的好用
583,_,细腻
583,_,温和
583,_,不刺激
584,_,挺干的
584,持妆效果,还可以
585,_,特别好用
586,_,很好
586,_,不错
587,_,挺不错身
588,_,好用
588,_,滑滑的
588,保湿效果,很好
589,_,很满意
589,_,非常高兴
589,_,很不错
590,_,无不适感
590,_,透气好
590,_,满意
591,_,比较便宜
591,盒子,粗糙
592,_,很好
592,_,很喜欢
593,_,很不错
594,_,挺香的
596,_,好用
596,_,特别润
596,补水效果,不心疼
597,包装,比较高大上
597,包装,太土了
598,_,好用
598,_,不刺激
599,包装,很漂亮
599,_,喜欢
599,_,应该不错
600,保湿效果,不错
601,速度,飞快
601,_,挺细腻
602,_,好评
603,_,很好
605,_,挺白的
605,隔离效果,不好
606,_,可以
606,_,挺好的
607,_,喜欢
607,_,不油腻
607,_,细腻
607,_,均匀
607,_,很自然
608,_,还不错
608,_,很自然
608,_,很香
608,赠品,_
610,保湿效果,不错
610,_,很舒服
610,_,真心不错
611,_,非常不错
611,去气色,很自然
611,_,保湿
612,_,好用
612,_,涂少
612,_,很自然
612,_,耐用
612,_,好评
613,_,非常好
613,_,非常快
613,_,非常值
614,_,不错
614,_,一直用
614,_,方便
615,_,挺好
615,_,很补水
615,精华,很多
615,价格,实惠
616,_,超级好
616,_,少了
616,_,很好闻
616,_,喜欢
617,包装,非常好的
618,_,真假
618,价格,有点贵
620,_,不错
622,_,还不错
623,_,很喜欢
624,价格,好划算
624,补水效果,挺好的
625,_,不好用
626,_,很好
627,_,还不错
627,_,挺好
628,_,特优惠
629,保湿效果,非常好
631,_,划算
631,_,很舒服
631,_,很推荐
632,_,很好用
633,香味,浓郁
634,活动,物美价廉
634,物流,非常满意
635,_,很不错的
636,物流,快捷
636,_,给力
636,包装,_
636,包装到位,严实
637,包装,不是正品
638,_,特别服帖
639,_,便宜很多
640,_,好小
640,_,太少
640,_,没了
641,_,刺鼻的
641,味道,香香的
641,_,不紧绷
641,_,好用
642,_,不错
642,_,拔干
642,遮瑕,一般
643,_,很好
643,_,非常好
644,送货,速度快
644,小哥服务,快递
644,_,水水的
644,_,润润的
645,_,非常棒的
645,_,很满意
646,水润度,还不错
647,_,偏油
648,_,不错
648,_,不错
649,_,还不错
652,_,非常喜欢
653,_,是正品
653,_,不错
654,_,很舒服
655,包装,没封口
655,操控,不严
656,_,很好
657,_,真心好用
657,_,提亮
659,_,沫丰富
659,清洁力,有淡香
659,_,喜欢
660,_,挺好用的
660,_,很划算
661,味道,淡淡的
661,_,不起沫
661,_,有点滑
662,_,不错
663,_,挺好用的
663,保湿效果,不错
663,_,挺好的
664,_,挺保湿的
664,_,不怎么干
667,_,还不错
667,_,还可以
668,包装,很好
668,物流,_
669,_,很好
669,_,非常不错
670,_,挺好的
670,_,还保湿
671,_,便宜
671,_,一点不假
672,_,很贴合
672,保湿效果,很好
672,_,优惠
673,_,很好用
674,_,很棒的
674,_,不刺激
674,物流,_
675,_,还不错
675,_,很细
676,_,很不错
676,_,满意
677,快递,挺快的
677,_,挺大
678,_,好用
678,补水效果,_
678,精华,比较多
678,_,不错
679,_,很好
679,_,很满意
680,_,便宜
680,_,优惠
680,_,一点
680,_,还好
681,_,不好用
682,_,很划算
682,_,很舒服
683,_,方便
683,包装,完整
683,价格,实惠
683,快递,很快
683,赠品,_
684,_,不错
684,_,划算
686,保湿,还行
686,_,不卡粉
686,价钱,优惠
687,速度,超快
687,快递小哥,超级暖心
689,_,挺好的
690,_,很轻薄
690,_,不浮粉
691,_,还行
691,_,比较粘
692,_,挺好用的
692,遮瑕效果,不错
692,颜色,很提亮
692,_,不错
693,_,非常好
693,_,很舒服
694,_,很好用
695,_,很好
695,活动,_
695,价格,很优惠
695,_,很好用
696,_,还不错
697,物流,很快
697,_,不错
698,物流,真是快
698,_,不错
699,_,很好用
699,遮暇效果,非常不错
699,_,很好
700,_,便宜又好用
701,_,便宜又好用
702,_,特别好用
703,活动,店实惠
704,_,好评
705,_,5星好评
706,_,不好用
707,_,好用的
707,瓶子,超级好看
708,_,很好
708,_,很不错
708,_,好评
709,活动力度,可以的
709,_,划算
709,_,很多
709,_,还可以
710,_,假的
710,_,假的
710,_,假的
711,物流速度,真是快
712,补水效果,不错
712,物流,挺快的
713,_,不错
713,_,满意
714,_,还不错
715,_,很好
715,_,很服贴
715,精华液,很卵
715,_,还要好
716,补水效果,没有
717,_,挺好的
717,_,很划算
718,物流,很快
719,_,挺好用
719,_,挺干净的
720,_,不错
721,_,不错
721,物流,超快
722,补水效果,还不错
723,_,细腻
723,_,滑滑滴
723,_,还算满意
724,_,挺好的
725,_,不好
725,_,过敏了
726,_,超实惠
726,_,不油腻
726,_,挺好的
728,_,清爽
728,_,不适合
728,痘痘,_
729,_,一般
730,_,一般
731,_,一般
732,_,还不错
733,_,好评
733,_,挺好用的
733,_,不过敏
734,发货,是正品
734,_,便宜
736,_,还可以
736,_,少了
737,_,很好用
738,_,真心的
738,_,不错
739,_,一般
739,_,不怎么控油的
740,_,很不错
740,_,很喜欢
741,_,很好用
741,_,细腻光滑
741,_,水润
741,性价比,_
742,_,还好
742,_,便宜
742,_,很划算
742,_,还不错
743,物流,挺快
744,_,差评
744,_,没有就算
745,水分,很足
745,_,很不错
745,物流,很实惠
746,_,非常喜欢
746,_,很满意
747,_,挺满意的
748,补水效果,不错
749,物流,很快
749,_,很划算
751,_,很不错
751,味道,好闻
751,遮瑕,保湿
752,_,挺好用的
753,_,不错
754,发货速度,_
755,_,挺好推开的
755,防晒效果,_
756,礼品,_
757,_,很好
757,_,是正品
758,送货,非常快
758,服务,很不错
758,性价比,很高
759,_,还好
759,_,蛮清爽
760,_,给力
760,价格,便宜
760,物流速度,很喜欢
761,_,还好吧
762,_,很快
762,_,很方便
762,_,实惠
763,_,好没有
765,快递,点个赞
765,_,超级快
765,_,杠杠滴
765,_,很不错
765,_,棒棒哒
766,_,还可以
767,_,不错
767,活动,实惠
768,活动,给力
769,_,温和不刺激
769,包装,很好
769,质量,不错
770,_,确实不错
771,_,还好吧
771,_,便宜
772,_,粉丝了
772,发货,很快
772,_,超级好听
772,_,很不错的
773,_,超级赞
773,活动,很值
775,_,不错
776,_,好用
776,_,不错
777,_,喜欢伯
777,_,很喜欢
778,物流,很快
778,隔离效果,很棒
779,_,降价
780,_,提亮肤色
780,_,满分
781,_,还不错
782,价格,实惠
782,保障服务,_
782,送货,_
783,_,不好用
783,_,不好用
783,_,不好用
783,味道,特别刺鼻
784,_,挺水润
785,_,不好
785,_,便宜
786,_,好用
786,保湿效果,很好
787,_,很自然
788,_,便宜
789,_,真心不错
790,补水效果,很不错的
791,补水效果,挺不错
791,_,很愉
792,_,挺好的
792,_,挺喜欢
792,瓶子,很好看
792,_,挺舒服的
792,_,还不错
793,_,自然
794,_,很干
794,_,很干
794,_,不值
795,_,还不错
795,速度,很快
796,_,挺好用
797,_,不好
797,_,便宜没
797,_,好货
798,_,不错
799,_,太苍白
800,_,淡淡的
800,味道,很好闻
800,_,很好用
801,_,过敏
802,味道,香香的
802,外观,特别漂亮
803,补水效果,真的好
803,物流,很快
803,_,非常满意
804,_,很适合
805,_,是快
806,_,很不错得
806,_,补水
806,_,不错
807,_,还不错
808,盒子,很好看
809,效果,很好
809,_,淡淡的
809,香味,_
809,价格,很美丽
810,_,很好
810,_,很舒服
811,_,学推荐
812,_,挺好用的
812,_,还可以
813,_,挺合适的
813,活动,给力
814,_,很好
815,_,好评
816,_,很好
816,_,淡淡的
816,_,喜欢的
817,_,非常好用
817,_,很薄
817,补水效果,不错
819,_,挺好用的
819,_,比较水润
819,上妆,挺容易
819,物流,很快
820,活动,很划算
821,包装,完好
822,快递,就是那么值
822,快递,_
823,物流,太给力
823,_,超级快
823,清洁能力,_
824,_,不错
824,_,很温和
824,_,不刺激
825,补水效果,棒棒哒
826,_,活动价
826,_,实惠
827,_,还不错
828,_,很好
828,_,很服帖
829,_,很喜欢
830,_,很好用
831,_,不错
831,_,非常满意
833,_,不错
833,_,很好推开
833,_,细腻
833,_,不遮暇
833,_,很好的
833,_,棒棒哒
834,速度,挺快
834,快递员,_
835,补水效果,挺好的
836,物流,很快
836,小哥,很好
837,_,是正品
838,_,还可以
838,_,不多
839,_,没有
840,_,是正品
840,_,挺好的
840,瓶装,_
841,_,挺好的
842,_,容易吸收
842,_,很好推开
842,_,含有
842,_,含有抗衰
842,_,含有抗衰老成分
842,性价比,_
843,_,很喜欢
843,_,还不错
844,_,很好
845,_,还行
846,包装,还可以
847,_,超级好用
848,_,还行吧
848,_,太香了
848,泡泡,比较少
848,_,不太喜欢
849,物流,蛮快
849,_,不错
849,_,划得
849,_,划得着
850,_,超级好用
850,_,不干
850,_,香香的
851,_,很不错
851,_,正品
852,物流,超级快
852,_,好评
852,_,很划算
852,_,便宜
852,_,好评
853,_,很实惠
854,_,不错
854,保湿,挺好的
854,快递,很快
856,没收,_
857,_,滑滑的
857,_,还不错
858,_,很好用
858,_,棒棒哒
859,_,特别油腻
859,_,轻薄
859,上妆,_
860,_,不错
860,_,随便用用
860,_,不错
861,保湿效果,挺好的
861,_,是正品
862,包装,挺好的
862,_,是正品
863,_,还可以
863,_,比较满意
864,_,还不错
864,_,很好
865,_,正品
865,_,很好
866,_,很好用
867,_,有点油
867,_,很棒
867,_,很贴心
868,快递,_
869,_,好油
869,_,好油
869,_,好油
869,_,不值得推荐
870,_,很好用
871,_,挺保湿的
871,_,有点黏腻
872,_,香香的
872,_,挺好用
873,_,还可以
873,_,不能遮暇
873,_,希望别长
874,_,很喜欢
874,赠品,好超值
874,_,很喜欢
875,_,非常好用
876,_,不错
877,_,还不错
877,_,正品
878,补水效果,非常好
878,_,水嫩嫩的
878,精华,很多
878,_,光滑
878,_,很保湿
878,_,不刺激
879,_,挺好的
879,包装,精美
879,_,漂亮
879,_,正品
880,客服,很贴心
880,_,五星好评
881,_,细腻
881,_,柔滑
881,味道,清香
881,_,么么哒
882,_,最便宜
883,_,挺好用的
884,_,很喜欢
885,_,不错
885,_,很轻薄
886,活动,不错
888,_,很好用
888,_,非常贴
888,_,补水
889,_,大爱呀
890,_,很高效
891,_,还可以
892,_,还不错
892,_,非常实惠
893,_,好用
894,_,好用
894,_,遮瑕
894,_,自然
895,快递速度,这么快
895,价格,么实惠
896,_,还行
896,_,亲民
896,价格,_
897,_,很满意
898,_,非常好用
899,_,很好
900,_,很愉
901,_,好用
902,_,好用
902,颜色,_
903,_,不错
904,_,很好用
904,_,很喜欢
905,_,不干净的
906,_,挺好
907,_,非常滋润
908,活动,物美价廉
908,_,五星好评
909,_,方便
909,设计,挺好
909,_,水不刺激
909,清洁,挺干净的
909,_,喜欢
910,_,很快
910,_,还不错
911,_,还阔以
911,_,香香的
911,_,很满意
912,快寄,很给力
914,_,很保湿
914,精华,很多
915,_,超喜欢棒棒
915,物流,超级满意
916,收货,很及时
917,_,不错
917,_,美美哒
918,酒精味,太重
918,_,有点油
918,_,很好
919,活动,特别的不错
919,_,很优惠
919,_,优惠
919,_,很多吧
921,_,还不错
922,快递,真是神速
922,活动,优惠很多
923,_,不好用
923,_,没有提亮肤色
924,_,真心不错
925,_,还不错
926,味道,没错
926,_,是正品
926,_,碎了
927,_,是正品
928,_,还可以
928,_,不足有
929,快递,很给力
930,_,还不错
931,_,好用
931,补水效果,很好
931,活动,很实惠
932,_,挺好的
932,味道,不错
932,_,挺保湿
933,_,挺好
933,味道,不过敏
933,_,补水
934,_,很好
934,_,非常喜欢
934,_,准没错
937,_,小小
938,物流,_
939,味道,比较奇怪（
939,_,轻微的黏腻感
941,_,不好用
942,_,还可以
943,_,不错的
943,性价比,很高
944,_,很服帖
944,精华,很多
944,_,很好用
944,_,不过敏
945,_,不好用
946,_,不好用
947,_,比较干
947,保湿效果,很好
948,_,还不错
949,价格,便宜
950,_,一般
950,价格,便宜
951,_,挺好吸收
951,_,不油腻
951,_,没有损
952,补水效果,不错
953,补水效果,不错
953,包装,好看
953,_,很柔软
953,_,很薄
954,_,不错
955,_,挺喜欢
955,_,很实惠
955,_,美美的
956,_,不错
957,_,有点油
958,_,还行
958,_,好推开
958,_,不舒服
960,_,还不错
960,_,挺舒服的
961,_,挺好用的
962,_,不错
962,_,很好
963,速度,很不错
963,_,棒棒哒
964,_,挺好的
964,颜色,不自然
964,_,有点假白
964,_,好少
965,_,好用
965,_,好用
965,_,挺不错
966,_,有泡沫
966,快递,不咋
966,快递,_
966,速度,_
967,_,还不错
968,_,还不错
969,_,很好用
969,物流,很快
970,_,不错
971,_,挺水嫩的
972,_,会卡粉
972,_,不自然
973,_,有点太贵了
974,_,粉严重
974,颜色,太白
975,_,很滋润
976,_,很好用
977,_,挺好用的
977,_,非常满意
978,_,挺好用的
978,_,非常满意
980,赠品,挺好用
980,_,棒棒哒
981,_,好用
981,_,经济又实惠
982,_,还不错
982,_,还可以
982,_,便宜
983,_,还可以
983,_,不黏腻
984,_,很油
984,_,不清爽
986,_,特别好用
986,_,很薄
986,_,很舒服
987,_,不错
988,_,有点小
989,_,还行
990,_,挺温和
991,_,好用
991,_,不错
992,_,挺好用的
992,_,好评
993,_,良好
993,_,无异常
993,_,喜欢
994,_,很好用
994,_,均匀肤色
994,_,好用
995,卸妆效果,很好
996,包装,一般
996,盒子,没有
996,_,希望好用
997,_,很好用
998,_,很好用
999,_,便宜不少
1000,_,一如既往的好
1001,补水效果,很好
1001,吸收,特别快
1001,价格,超值
1002,_,好用
1002,_,不刺激
1003,活动,_
1004,_,很好用
1005,_,满意
1005,_,吸收
1006,_,还可以
1008,_,好评
1009,_,好用
1009,_,很划算
1010,_,很喜欢
1010,_,很润
1011,_,不是很好用
1012,_,还不错
1012,_,好评
1012,_,很白
1013,_,很合适
1013,_,好用
1013,价格,亲民
1014,_,不错
1014,_,很好用
1015,_,中的好
1015,_,很多
1015,补水,保湿
1015,_,不油腻
1016,效果,很好
1017,_,干巴巴
1017,_,不理想
1018,_,很好用
1018,_,很香
1019,_,滋润亮白
1019,保湿,_
1020,_,应该不错
1020,瓶子,挺精致
1021,_,不错
1021,快递,很快
1022,_,蛮好用的
1022,_,超喜欢
1022,_,超满意
1023,_,挺好用的
1023,_,很细腻
1023,遮瑕效果,挺好
1024,_,挺小的
1024,_,不易脱妆
1024,_,挺自然
1025,合适,_
1026,_,清爽型
1026,_,很舒服
1027,物流,_
1027,服务态度,_
1028,_,挺划算的
1029,_,好评
1029,_,好用
1030,活动,_
1031,_,物有所值
1032,_,挺好用的
1033,精华,很多
1033,快递员服务,超好
1034,_,挺好用的
1034,提亮效果,_
1035,包装,很好
1035,_,无破损
1035,_,很喜欢
1036,_,淡淡的
1036,清香,很好闻
1037,_,非常不错
1037,_,非常好用
1038,_,挺好
1038,_,不卡粉
1039,_,便宜好用
1039,_,物美价廉
1040,_,好失望
1041,_,超级好用
1042,_,还是不错
1042,_,挺好用的
1042,_,还不错
1043,_,廉价的
1043,_,香精味
1043,上妆,不自然
1043,_,卡粉
1044,_,是正品
1044,_,不错
1045,_,很服帖
1045,保湿效果,还行
1045,_,划算
1046,快递,好快
1046,_,很好
1046,精华,很多
1047,_,不错
1048,_,特假
1049,_,水水的
1049,_,很好用
1050,_,很好用
1051,物流,很快
1051,_,很满意
1053,_,非常方便
1054,_,清爽
1054,_,不油腻
1055,包装,完好
1055,_,淡淡的
1055,清香味,还好
1056,性价比,很高
1056,_,滋润
1056,补水,保湿
1056,_,还不起脂肪粒
1056,送货,超级快
1057,_,不错
1058,_,还好吧
1058,保湿,不是那么好
1059,_,挺喜欢的
1059,_,香香的
1059,味道,好评
1060,味道,很清新
1060,_,不多
1060,_,挺细腻的
1060,清洁力度,还可以
1060,_,不紧绷
1060,_,挺温和的
1061,_,一般般
1062,_,一般般
1063,_,超赞
1063,_,大爱
1064,优惠活动,太赞了
1065,_,好评
1066,_,挺不错
1066,物流,很快
1067,发货的速度,_
1068,_,太香了
1069,_,超级好用
1069,补水效果,_
1070,服务态度,很好
1070,_,很满意
1071,_,出汗不掉妆
1072,粉质,不够细
1072,_,不够服帖
1072,味道,蛮喜欢
1072,提亮的效果,不错
1073,_,清淡
1073,_,不紧绷
1073,_,很舒服
1073,_,挺干净
1073,_,不刺激
1074,_,还不错
1075,_,山泥
1075,_,很难用
1075,_,不干净
1075,_,不是泥
1076,_,非常满意
1077,_,还不错
1078,_,喜欢
1078,_,大爱
1078,_,喜欢
1078,_,温和不刺激
1078,_,挺好用的
1079,价格,美丽
1080,_,很不错
1081,_,一般
1082,清洁力,不是太好
1082,_,起痘痘
1082,_,不适合
1083,_,很多
1083,赠品,还行
1084,_,挺好用的
1085,_,还行
1085,_,不会很白
1085,粉扑,很硬
1085,_,不好用
1086,速度,真无敌
1087,_,不理想
1087,_,不干净
1088,_,一如既往的好
1089,_,一如既往的好
1090,_,还不错
1090,_,是正品
1091,_,期新
1091,_,不错
1092,_,一般般
1093,物流,很快
1094,_,还不错
1095,_,还可以
1097,活动,实惠
1097,_,还不错
1098,_,特持久
1098,_,特别容易干
1099,_,特别好
1099,_,特补水
1099,_,喜欢
1100,_,不错
1101,物流,给力
1102,_,不错
1102,_,很多年
1103,_,还不错
1104,_,轻薄
1104,_,很好
1105,_,挺好的
1105,_,提亮肤色
1106,_,一般
1106,味道,_
1106,性价比,_
1107,_,不错
1108,_,物廉价美
1109,_,很清爽
1109,_,不错
1109,价格,很划得
1110,_,有点小惊喜
1110,_,很满意
1112,_,喜欢
1112,_,很好
1112,_,很补水
1112,_,划算
1113,_,非常满意
1114,_,好用
1115,控油效果,还可以
1115,香味,太香
1117,_,超级喜欢
1118,_,非常好
1118,_,舒服
1118,_,不过敏
1118,_,挺实惠的
1119,包装,还可以
1121,_,温合
1121,包装,_
1122,物流,好快
1122,服务态度,_
1123,_,挺好的
1123,_,正品
1123,_,挺开心
1124,物流,很快
1124,_,喜欢
1125,_,实惠
1125,袋子,很漂亮
1127,_,不错
1127,_,挺细腻的
1128,_,挺好
1128,_,淡淡
1128,香味,非常好用
1129,_,还不错
1129,发货速度,挺喜欢
1130,_,很好
1131,_,还行吧
1132,_,相当不错
1132,物流,给力
1132,_,好评
1132,_,超级好评
1133,_,挺好的
1135,_,好评
1135,_,很好
1135,_,很喜欢
1136,_,很不错
1137,_,有点干
1138,_,真心不错
1138,物流,超级快
1139,_,还不错
1139,_,很好用
1139,价格,优惠
1139,_,满意
1140,_,还不错
1140,物流,很快
1141,_,满意
1141,_,还不错
1141,_,轻薄
1141,持久效果,_
1141,发货,_
1142,_,棒棒哒
1142,_,轻薄透气
1143,卸妆效果,还好
1143,_,不油腻
1144,_,很好用
1144,物流,很快
1146,_,很好
1146,_,很划算
1147,提亮,很不错
1148,_,很好用
1149,_,很舒服
1149,_,没有一点不舒服
1149,_,好评好评
1151,_,不错
1151,保温效果,_
1151,精华液,挺多的
1152,_,挺好的
1153,外观,还不错
1154,_,不错
1155,礼品,不错
1156,_,是正品
1156,包装,有点不好
1156,_,挺环保的
1158,_,非常好用
1159,快递,很给力
1160,_,很喜欢
1162,_,是正品
1163,味道,好大不喜欢
1164,_,非常好用
1164,味道,好闻
1165,_,很好用
1165,遮暇效果,很好
1166,_,很不错
1167,价格,_
1168,_,很好用
1169,_,不好用
1170,速度,真快
1170,_,便宜
1171,_,白一大圈
1172,_,好评
1173,_,很好
1173,_,物超所值
1174,_,比较实惠
1174,补水效果,挺好
1175,_,还可以
1176,_,垃圾
1176,_,假货
1177,_,挺好的
1177,_,光滑水润
1178,_,偏干
1179,味道,太刺鼻
1179,价格,很实惠
1180,_,不错
1180,_,比较喜欢
1181,_,不错
1181,_,很满意
1182,性价比,很高
1183,_,很不错
1184,_,比较喜欢
1185,_,方旗
1185,_,还过敏
1186,包装,不错
1186,_,自然
1186,_,还好
1186,_,带尖的
1186,_,毛孔粗
1187,_,期新鲜
1187,_,特划算
1188,_,不起沫
1188,_,不怎么好用
1190,_,不服帖
1190,_,脱妆
1190,_,严重
1190,_,假白
1191,_,很清爽
1191,_,不油腻
1191,_,很喜欢
1191,_,很干净
1192,快递速度,真快
1193,_,超乎意
1193,_,好评
1193,_,赞赞赞
1193,_,赞赞赞赞赞
1194,_,便宜
1194,_,好评
1195,_,没小样
1196,_,不错
1196,_,是正品
1196,_,挺好的
1197,_,可以
1197,_,挺干净的
1198,_,超级喜欢
1199,_,是正品
1200,_,喜欢用
1200,_,比较细腻
1200,_,不油腻
1200,_,挺好的
1201,_,很好
1202,物流,相当快
1202,包装,精致
1202,_,一如既往的好
1203,物流,相当快
1203,包装,精致
1203,_,一如既往的好
1204,_,不错
1204,_,不干了
1204,_,很多
1205,_,挺好
1205,_,满意
1206,_,很喜欢
1207,_,挺好的
1208,_,不错
1209,_,很好用
1210,_,挺不错的
1210,_,很滋润
1211,物流,快又好
1212,_,便宜
1212,_,还好用
1212,_,清淡的
1212,香味,比较喜欢
1214,_,蛮不错
1215,_,很不错
1216,_,自然
1216,_,很满意
1217,补水效果,很棒
1218,_,不错
1219,_,超好用
1219,_,很水润
1219,_,真的好用
1220,_,不错
1221,_,水润
1221,_,透气
1221,_,享受
1221,_,不错
1223,_,比较水润
1223,隔离效果,很棒
1223,_,还算可以
1224,_,很细腻
1224,_,清爽
1224,_,不干燥
1226,_,很油
1227,_,还不少
1227,_,好用
1228,_,挺好的
1228,味道,清新
1228,_,滋润
1228,_,不粘腻
1229,_,很薄
1229,水分,很多
1229,_,很舒服
1229,_,清爽
1230,_,不错
1231,_,还不错
1231,价格,合理
1232,物流,很快
1233,_,挺喜欢的
1234,_,很好
1235,_,提亮
1235,_,提亮遮暇能力
1236,_,挺好的
1237,_,很实惠
1237,_,..
1238,_,挺不错
1238,包装,无损
1238,_,淡淡的
1238,清香味,_
1238,保湿效果,挺好的
1239,_,有点脏
1240,味道,很好闻
1241,物流,很快
1241,_,很好用
1242,_,很温和
1242,卸妆,很干净
1242,包装,_
1243,遮暇效果,没有
1244,_,那么好
1245,_,还不错
1246,_,不算太满意
1246,_,很干
1248,_,很好用
1249,物流,超快
1249,包装,很好
1249,_,没有破损
1249,_,希望好用
1250,_,便宜
1250,_,实惠
1251,_,可以
1251,_,挺白
1252,_,很好
1253,_,很赞
1253,_,很喜欢
1254,_,好用
1255,_,很好用
1255,_,水水的
1256,保湿效果,很好
1258,_,很好用
1258,味道,很好闻
1258,_,很喜欢
1259,_,还好红红火火恍
1260,香味,挺重的
1261,_,挺好用
1262,价格,实惠
1262,_,不会干
1262,_,间较长
1262,补妆,_
1263,_,不错
1264,_,不错
1264,_,挺多的
1265,活动,_
1265,精华液,很多
1265,补水效果,不错
1266,_,好评
1267,_,喜欢
1268,_,非常好用
1268,_,不油腻
1268,_,很清爽
1268,_,大爱
1270,_,很好用
1271,_,很不错
1271,味道,很好闻
1271,_,还保湿
1272,物流,很快
1272,_,很好
1273,_,还不错
1274,_,不是很适
1274,_,很油
1275,_,很好
1275,_,很好
1276,_,挺好的
1277,_,预想的
1277,分货,_
1277,香味,很浓
1278,_,还可以
1278,_,很实惠
1279,补水效果,很好
1280,_,好用
1280,滋润度,非常好
1280,_,不干
1280,_,不卡粉
1280,_,棒棒哒
1281,_,挺好的
1282,_,还不错
1283,_,湿润
1283,_,自然
1283,_,很好
1284,_,非常满意
1284,_,非常喜欢
1285,_,很不错
1285,_,喜欢
1285,活动,很合适
1286,补水效果,非常好
1287,_,挺满意的
1288,_,好就是好
1289,_,洗不掉
1289,_,不紧绷
1290,_,很好用
1290,_,很香
1291,_,真心不错
1292,_,还不错
1293,_,很不错
1293,_,不错
1294,_,还可以
1295,_,还不错
1296,_,很不错
1296,保湿效果,很好
1296,_,非常满意
1297,价格,实惠
1297,活动,真的赚大了
1297,_,便宜多了
1297,_,好评
1298,上妆,很不错
1298,味道,太香了
1299,_,还行
1299,_,比较方便
1300,_,刺激皮肤
1300,_,还好
1301,_,是正品
1302,_,非常好用
1304,味道,挺好闻的
1304,_,很好
1305,_,还不错
1305,价格,很划算
1305,_,好评
1306,_,不错
1308,_,不好用
1309,_,淡淡的
1309,香味,喜欢
1309,_,爱不释手了
1310,_,还可以
1311,保湿效果,特好
1311,遮瑕效果,不错
1312,_,很好用
1313,价格,挺便宜
1314,_,还不错
1315,_,不错
1316,_,不真实
1318,价格,超实惠
1319,_,好用
1320,_,速度快
1320,_,还好
1321,_,非常好
1322,物流,很快
1322,包装,无破损
1322,_,过眼神
1323,_,还没用
1325,_,很不错
1326,_,挺好
1327,补水效果,非常不错
1329,_,不错
1329,_,正不错
1330,_,不错
1330,美白效果,不是很好
1331,_,可以的
1331,_,希望不要失望
1332,_,还不错
1333,_,非常不满意
1335,_,还不错
1336,_,不错
1336,_,好用
1336,快递更,给力
1337,_,很不错
1337,_,便宜
1337,赠品,很多
1338,_,很好
1339,_,很不错
1339,_,不错
1339,_,棒棒哒
1340,味道,_
1341,_,喜欢
1341,_,还不错
1342,_,还不错
1343,_,很实惠
1344,包装,完好
1344,日期,比较新。
1345,服务,很不错
1345,_,不错
1346,_,非常好
1346,_,便宜划算
1347,_,很喜欢
1348,_,不错
1349,_,非常好用
1349,_,不油腻
1349,_,好推开
1350,_,很好用
1350,_,不浮粉
1351,快递,超快
1352,包装,蛮好的
1353,_,好用
1353,_,很服帖
1353,送货,_
1354,_,太给力
1354,_,特别好闻喜欢
1355,包装,好差劲
1356,_,很好用
1356,_,易推开
1358,_,很滋润
1359,_,不错
1359,价格,合理
1360,_,非常卡粉
1360,_,不好用
1361,赠品,挺多的
1362,_,不错
1362,_,确实好用
1362,_,特别便宜
1363,_,挺好的
1364,_,不错
1364,_,很舒服
1364,_,白些了
1364,_,可以美白
1365,_,很滋润
1365,肤色,很自然
1366,_,很喜欢
1367,_,特别好用
1368,_,很好
1368,_,很好用
1369,物流,很快
1369,盒子,有点脏
1369,_,很润
1369,_,不干
1369,_,吸收
1369,_,太干
1370,_,是正品
1370,_,很自然
1371,_,正品
1372,_,清凉
1372,_,正品
1372,_,不错
1373,_,会卡粉
1374,_,好用
1374,_,自然
1374,_,服帖
1374,_,实惠
1375,_,很优惠
1375,价格,很美丽
1375,_,很好
1376,_,可以的
1377,_,优惠
1377,_,非常满意
1378,_,很好用
1379,_,好用
1379,_,非常满意
1380,补水效果,特别好
1381,好装,不错
1382,_,很喜欢
1382,_,很喜欢满意
1383,_,很好用
1383,精华液,很多
1383,_,很实惠
1384,_,清爽
1384,_,不油腻
1384,遮瑕效果,不理想
1385,_,还不错
1385,_,很喜欢
1386,_,特别滋润
1386,_,香香的
1386,_,不厚重
1386,美白的效果,特别好用
1388,_,不错
1388,_,不油腻
1388,_,挺补水的
1388,_,滑滑的
1388,_,嫩嫩的
1389,_,不错
1389,_,好用
1389,_,超补水
1390,_,喜欢
1390,水份,_
1390,价格,合适
1391,粉质,很细腻
1392,_,不会油油的
1393,_,可以
1393,香味,不是那么冲
1393,_,可清新的
1393,_,不错
1394,_,很好
1395,_,很好用
1396,_,补水
1396,_,差不多
1397,感到效果,不错
1398,快递,很快
1398,客服态度,_
1399,包装,挺好的
1399,物流,很快
1399,_,不错
1400,_,是不是正品
1400,_,挺好用的
1401,_,差评
1402,_,还可以
1403,_,不错
1403,_,喜欢
1403,价格,_
1404,包装,没有
1404,_,真假
1404,_,很难说
1405,价格,还好用
1406,_,很好用
1406,_,不干
1406,_,提亮肤色
1407,_,很喜欢
1408,_,清爽
1408,_,不油腻
1409,_,可以
1410,价格,还不错
1413,_,很不错
1413,_,超级划算
1414,_,好用
1414,_,经常用
1415,_,很好用
1415,_,水水的
1416,_,不错
1416,包装,好看
1416,_,还不错
1418,_,还不错
1418,_,更好
1419,包装,太旧了
1420,_,物美价廉
1420,_,非常好
1420,_,非常好
1420,配送速度,特别快
1421,质量,不咋
1422,_,太腻了
1423,_,好用
1423,_,不油腻
1423,价格,实惠
1424,_,是正品
1424,_,没有激
1424,吸收,还不错
1424,_,好评
1425,_,还不错
1425,_,不卡粉
1425,价格,实惠
1427,_,还不错
1428,_,超爽
1428,_,挺喜欢的
1429,_,淡淡的
1429,香味,_
1429,泡沫,丰富
1430,包装,完好
1430,物流,很快
1431,_,白了
1432,_,很好
1432,_,很喜欢
1432,_,很保湿
1433,_,不错
1433,送货速度,很快
1434,_,轻松
1434,_,不卡粉
1434,_,很不错
1435,包装,非常精美
1436,_,不错
1437,_,很足
1437,精华液,很多
1437,_,水水的
1438,_,挺好用
1438,价格,美丽
1439,_,很好
1440,_,不会假白
1440,_,很好
1440,_,喜欢
1441,_,很好
1443,吸收,挺好
1443,_,很容易吸收
1443,_,水嫩水嫩的
1444,_,很不错
1444,卸妆水效果,不错
1444,_,不刺激
1445,_,很舒适
1445,_,非常细腻
1446,_,好用
1446,_,不卡粉
1447,_,还行
1448,_,还可以
1449,_,差差
1449,_,差差差
1449,_,不补水
1449,_,不会贪
1450,_,不错
1451,_,不是很多
1451,_,很温和
1452,赠品,_
1452,快又,给力
1453,_,很好用
1453,_,很显白
1453,_,好推开
1453,_,好评
1453,送货,很快
1454,_,特别拔干
1455,价格,便宜
1456,_,还不错
1457,_,很小
1458,_,很好
1458,物流,很给力的
1459,_,很自然
1460,_,非常好用
1461,_,不错
1462,_,挺好的
1462,物流,_
1463,_,不错
1463,_,挺好用的
1465,包装,不错的
1467,_,不错
1467,味道,_
1468,_,非常好用
1469,_,挺好用的
1470,_,很好
1471,清洁能力,一般
1472,_,是正品
1474,_,挺好用的
1475,_,五星好评
1476,味道,挺舒服的
1477,_,特别好用
1478,_,好啊
1479,_,自然色
1479,_,很相近
1480,_,挺好的
1480,_,薄薄的
1481,_,很好
1481,_,很满意
1482,_,还可以
1482,赠品,_
1483,_,很划算
1483,味道,好闻
1484,效果,不错
1485,_,不紧绷
1486,_,还行
1486,价格,_
1487,_,很好用
1487,卸妆,很干净
1487,_,温和
1487,_,不刺激
1488,_,不错
1489,_,还可以
1489,_,有点干
1490,_,挺好用的
1490,_,清爽
1490,_,不粘
1491,价格,便宜
1491,_,挺好的
1492,_,很快
1492,快递小哥态度,很好
1492,_,很快
1493,_,特别好用
1495,_,很好
1495,服务,特好
1496,_,很满意
1496,_,正品
1496,活动,很划算
1497,_,超好用
1498,_,好用
1498,_,实惠
1499,_,不错
1499,_,很水润
1500,_,挺不错
1501,_,不错
1501,_,挺好用的
1501,_,很划算
1502,_,正品
1502,_,很快
1503,_,很适合
1503,_,好评
1504,_,挺好
1505,_,不错
1505,_,太少了
1506,_,挺好用的
1506,_,很方便
1507,_,挺好用的
1507,_,挺滋润的
1507,快递小哥服务态度,_
1508,_,还不错
1509,_,不错
1509,_,很喜欢
1510,_,很好用
1511,_,非常好的
1512,补水效果,不错
1512,价格,合理
1512,快递,给力
1513,快递,超快
1513,_,很满意
1513,优惠力度,很大
1514,价格,有点小贵
1514,_,方贵
1514,_,物有所值
1515,_,很好用
1515,清洁,_
1516,_,很好用
1516,价格,不会很贵
1517,保湿,一般
1518,价格,实惠
1519,发货速度,超快
1519,_,合适
1519,保湿效果,_
1520,_,还不错
1521,活动,超级划算
1522,味道,很好闻
1523,清洁能力,干爽舒服
1524,_,好用
1524,_,不油腻
1524,_,很自然
1524,_,服帖
1525,清洁能力,很好
1525,味道,挺好闻
1525,_,挺好用的
1525,_,好评
1526,_,不喜欢
1526,_,很紧绷
1526,味道,不好
1527,_,非常好
1528,_,挺不错
1528,_,很细腻
1528,_,很自然
1529,_,很好用
1529,_,水嫩
1529,_,光泽
1529,_,不错
1529,_,超值
1530,_,挺好
1530,_,是正品
1531,_,不错
1531,活动,_
1533,活动,_
1533,价格,便宜
1533,_,很好用
1534,_,不错
1535,_,非常不错
1535,_,很喜欢
1537,_,挺好的
1537,精华液,很多
1538,_,还可以
1539,包装,_
1540,_,很喜欢
1541,成分,安全
1541,补湿效果,还可以
1542,_,非常好用
1542,_,不紧绷
1543,_,很滋润
1543,_,很自然
1543,_,挺满意的
1544,送货,很快
1544,快递师傅,很耐
1545,味道,不错
1545,_,很好闻
1548,_,真好
1549,_,很实惠
1550,_,还可以
1551,_,物美价廉
1552,_,不错
1552,_,物美价廉
1553,物流,很快
1554,_,好用
1554,_,挺好用的
1555,_,不错
1555,_,超级划算
1556,_,非常好用
1556,_,不但服帖
1556,_,显提亮肤色
1557,_,不错
1558,_,不错
1558,_,不错
1559,_,挺好的
1560,_,不错
1562,_,还可以
1562,_,便宜
1563,_,温和的
1564,_,还不错
1564,_,很保湿
1564,价格,很实惠
1564,_,好评
1566,_,不错
1568,配送速度,很快
1570,_,不错
1570,_,挺好
1571,_,喜欢
1572,_,不错
1572,包装,_
1572,送货,_
1572,服务,不错
1573,_,挺好用的
1574,_,好开
1574,_,好评
1575,物流,_
1576,味道,不是很喜欢
1577,_,挺不错
1580,_,很满意
1580,快递小哥速度,杠杠滴
1580,态度,不错
1581,_,挺补水的
1583,_,很不错
1584,_,正品
1584,赠品,很多
1585,_,还不错
1585,_,很懒很懒
1585,_,一般
1586,_,保湿
1586,_,补水
1586,_,值得信赖
1587,_,非常好
1587,_,物超所值
1588,_,还不错
1589,_,非常不错
1589,_,不容易脱
1590,_,很实惠
1590,_,挺划算的
1591,_,挺好的
1591,_,不错的
1591,_,比较水润
1591,_,不油腻
1591,_,很清爽
1592,_,非常好用
1593,_,非常棒
1593,_,嫩嫩的
1594,气味,很好闻
1595,_,有点干
1595,_,还可以
1596,_,很喜欢
1596,味道,很淡
1596,_,不厚重
1596,价格,不贵
1596,_,淡淡的
1597,_,一般
1597,时间,比较短
1597,保湿,还行
1597,_,没有
1598,_,挺干净的
1598,_,满意
1599,_,还可以
1600,_,很划算
1600,_,好用
1601,_,挺多的
1602,_,过敏
1602,_,不过敏
1602,_,挺好的
1602,_,便宜
1603,精华液,有点小失望
1604,价格,美丽
1604,_,很温和
1605,价格,差不多
1605,_,还行吧
1606,价格,便宜
1606,性价比,一般
1607,_,不错的
1607,_,自然
1607,遮瑕效果,不错
1608,_,便宜
1609,_,非常好
1609,_,非常滋润
1609,_,遮瑕
1609,_,淡淡的
1609,香味,_
1610,_,非常好用
1610,提亮,不卡粉
1610,_,特别服帖
1611,_,还行
1611,香味,_
1612,快递,很快
1613,小痘,_
1614,_,滋润
1614,_,比较稀的
1615,_,很好用的
1615,_,很滋润
1616,外壳,不好
1618,_,挺喜欢
1619,_,真心不错
1620,_,滋润
1620,_,服帖
1620,_,特别是精油皂
1621,_,非常的不错
1621,清香,_
1622,隔离效果,特别高
1622,_,很水润
1623,_,不错
1624,_,很不错
1624,_,很足
1624,出水口设计,很棒
1625,_,很好
1625,商家,很热心
1625,_,心想事
1626,_,还可以
1626,_,好小
1627,_,超级划算
1627,颜色,很自然
1627,_,喜欢
1628,_,很持久
1629,_,还不错
1630,_,高大上
1630,_,很精致
1631,_,很好用
1632,清洁能力,一般般
1633,_,很好
1633,_,物有所值
1635,_,好用
1636,_,超所值
1636,_,棒棒哒
1637,_,很好用
1637,_,很喜欢
1638,_,挺好用的
1639,_,好用
1640,_,不喜欢口红
1640,颜色,_
1641,_,非常喜欢
1641,_,很好
1641,性价比,_
1642,_,好用
1642,_,滑滑的
1643,物流,超快
1644,_,非常好
1644,_,很满意
1644,_,不错
1644,物流,很快
1645,_,非常喜欢
1646,_,很便宜
1646,_,很划算
1648,_,超级棒
1648,_,超级棒补水
1649,_,好用
1649,_,不卡粉
1649,_,自然
1650,物流,_
1650,包装,_
1651,颜色,很好
1651,_,不觉得干
1651,_,很容易划开
1652,物流,挺快的
1653,_,划算
1654,_,不错
1654,_,挺好用的
1655,_,很适合
1655,_,不卡粉
1656,_,非常好
1656,_,淡淡的
1656,_,很喜欢
1657,_,好用
1657,_,特别喜欢
1657,味道,_
1658,性价比,很高
1658,_,很好用
1658,价格,超级优惠
1658,_,很满意
1659,_,很温和
1659,痘痘,_
1660,_,很好用
1661,_,不错
1661,_,很好用
1661,_,很亮
1661,_,很不错
1662,_,真的不错
1663,_,好不好用
1663,_,还行
1664,补水效果,很棒
1665,_,不错
1665,价格,便宜
1665,_,相当不错
1666,_,好白
1666,_,太假面了
1666,客服,客服
1666,_,不管
1667,_,很棒的
1667,_,好用
1668,_,很保湿
1668,味道,很好闻
1668,_,不错
1669,_,不错
1670,价格,实惠
1670,_,有点少
1671,_,很舒服
1671,_,不紧绷
1671,_,不错的
1672,快递,很给力
1672,_,很香
1673,_,不错
1673,_,不油腻
1674,_,还不错
1674,_,不卡粉
1674,遮瑕效果,_
1676,_,不好用
1676,酒精味道,特别大
1676,刺鼻,_
1677,补水效果,很好
1678,_,有点用
1679,_,不错
1679,质量,很好
1679,物流,物美价廉
1680,_,好用
1680,性价比,_
1680,活动,很便宜
1681,_,不错的
1681,_,挺漂亮的
1681,盒子,_
1682,_,物美价廉
1682,_,真心好
1683,_,不错
1683,_,有点掉毛
1684,发货,很快
1685,_,比较补水
1686,补水效果,很好
1687,_,很好用
1687,_,量足
1687,_,还不错
1688,_,特别满意
1689,_,很细腻
1689,_,很好
1689,_,很满意
1690,_,这么好用
1691,_,挺好的
1692,_,很好用
1693,_,补水
1693,_,不错
1694,_,还不错
1696,_,挺香的
1696,包装,不错
1696,_,中评
1697,速度,_
1698,活动,自然
1698,_,服帖
1699,物流,很快
1699,_,挺好用的
1699,_,好评
1700,补水效果,可以
1700,_,平价
1700,_,好用
1700,_,一共
1701,质量,没问题
1702,_,不错
1703,_,挺喜欢
1704,_,不贵
1704,_,好东西
1705,_,棒棒的
1706,_,很好
1706,_,非常补水
1706,_,保湿
1706,_,不错
1707,_,很好
1707,_,很光滑的
1707,价格,实惠
1708,_,很好
1709,_,物有所值
1709,活动,_
1710,_,好棒的
1710,快递,_
1711,_,很不错
1711,快递,很给力
1712,_,挺好用
1713,_,不开
1713,_,不好用
1714,包装,很好
1714,快递哥,很给力
1715,_,很好用
1715,_,很干净
1715,_,不紧绷
1716,到货,很快
1717,卸妆,干净
1717,_,温和
1717,_,不刺激
1717,_,好用
1718,_,很喜欢
1719,_,好用
1719,_,超级好用
1721,快递小哥,_
1722,_,超级好用
1723,_,好评
1724,隔离,很好用
1724,美白的效果,不干用
1724,_,很自然
1724,礼品,_
1725,_,很实惠
1726,_,不错
1726,_,很满意
1727,_,很自然
1727,颜色,很值
1728,服务,_
1728,价格,_
1728,价格幅度,_
1729,_,好用
1729,_,好评
1730,_,不错
1730,物流,_
1730,服务态度,很好
1731,清洁能力,好用
1731,泡沫,_
1732,持支,_
1732,持支,很不错
1733,_,不错
1734,价格,很奈斯
1736,_,不错
1737,_,很不错
1738,物流,很快
1739,_,好迷你
1740,_,很好
1740,价格,实惠
1740,_,很喜欢
1740,物流速度,很快
1741,快递,太快了
1742,_,非常好
1742,_,非常光滑
1743,_,还不错
1743,补水效果,很好
1743,_,无刺激
1744,物流,_
1744,价格,合适
1744,_,不错
1745,_,还可以
1746,美哒,比想象中好
1747,_,特别好用
1747,_,不会差
1748,温和度,比较好
1748,_,比较干净
1748,_,挺好
1749,_,很好
1749,_,很满意
1750,_,很好用
1750,_,还不紧绷
1751,_,很显白
1752,_,还不错
1752,_,不紧绷
1754,_,差不多
1755,_,挺好用的
1755,_,比较细腻
1755,_,不干燥
1755,味道,很好闻
1756,_,便宜
1757,_,挺好的
1759,_,很好用
1760,_,很喜欢
1760,_,好舒服
1762,日期,太旧了
1762,客服,不回复
1762,调子,高的
1763,_,很好
1763,_,不错
1763,_,很舒服
1763,_,好评
1764,_,大救星
1764,_,很细润
1764,_,很干的
1765,_,挺好
1765,_,挺自然
1766,_,太干
1767,_,还不错
1767,_,不油腻
1768,_,不错
1768,_,很不错
1768,_,还可以
1769,_,挺好的
1770,物流,给力
1770,_,很喜欢
1771,_,还好
1771,_,便宜
1771,物流,_
1772,_,很多
1772,包装,很可爱
1773,价格,合理
1773,赠品,_
1773,送货速度,很快
1774,_,很好
1774,_,很快
1775,_,很好
1775,_,很快
1776,_,太稀了
1776,清洁效果,_
1776,清洁能力,一般
1776,_,可以
1777,_,物美价廉
1777,_,非常满意
1777,_,很好
1777,_,很薄
1778,_,挺好
1778,泡沫,很多
1779,_,还行
1779,_,过敏了
1780,补水效果,很好
1781,_,挺好的
1782,_,不错
1782,_,很实惠
1783,包装,非常仔细
1783,发货速度,非常快
1784,_,很好
1785,_,特别喜欢
1786,_,很舒服
1786,_,很柔滑
1786,_,不硬
1787,送货速度,很快
1787,_,有点小贵
1788,_,不错
1788,_,很喜欢
1789,_,很好用
1789,_,遮暇
1789,_,棒棒的
1789,优惠活动,很划算
1789,送货速度,很快
1790,快递员服务,很好
1791,_,挺好用
1791,_,很补水
1791,精华液,_
1792,_,不错
1792,物流,_
1793,_,超级喜欢
1793,_,特别舒服没有
1793,_,不刺激皮肤
1793,_,喜欢
1793,_,很好
1794,包装,可以
1795,_,比较水润的
1795,_,比较自然
1796,_,蛮喜欢的
1797,物流,很快
1798,_,便宜
1800,_,很好
1800,_,是正品
1801,_,补水
1801,_,美白
1801,_,保湿
1801,快递小哥服务态度,_
1802,_,挺好用的
1803,_,非常不错
1804,_,水嫩嫩的
1805,_,太赞了
1805,_,优惠
1806,_,很好用
1806,_,挺薄的
1806,_,很水润
1807,_,不错
1807,赠品,_
1809,_,不错
1809,_,是正品
1809,物流,_
1810,_,挺好用的
1811,_,挺好
1811,_,正品
1812,_,一日既往的好
1814,_,很好用
1814,_,滋润
1814,_,不油腻
1814,_,不紧绷
1814,_,喜欢
1815,_,挺好用的
1815,_,喜欢
1815,_,很自然
1816,_,不错
1817,_,很好用
1818,_,很喜欢
1819,_,非常不错
1819,_,淡淡的
1819,香味,很自然
1820,_,特别实惠
1821,_,挺好用的
1821,隔离效果,超级棒
1821,赠品,比较完美
1822,_,不错
1822,颜色,很正
1823,_,不错
1823,发货,_
1824,_,好用
1824,_,划算
1825,_,不错的
1825,客服态度,很好
1825,_,很好
1825,_,满意
1826,_,没有
1827,_,太少
1827,_,还可以
1828,_,太简陋
1829,_,一般
1829,_,太差了
1830,_,特别好用
1830,发货,特别快
1831,_,特别好用
1831,发货,特别快
1832,_,挺干净的
1833,_,还不错
1834,_,非常好用
1835,_,不错
1835,_,不错
1836,活动,_
1837,_,还不错
1838,_,挺好用
1838,_,很柔和
1838,_,不紧绷
1839,补水效果,不错
1840,_,不错
1840,_,物美价廉
1842,_,很贴心
1842,_,真的不错
1843,_,挺好的
1843,保湿,很好
1843,_,不干
1843,_,很润
1844,_,很好
1844,_,很保湿
1845,_,还不错
1846,_,很合适
1847,_,很快
1847,速度,蛮好的
1848,精华,挺多的
1848,_,还不错
1849,_,不错
1850,_,挺好用的
1851,卸妆效果,_
1852,_,不好
1853,_,不错
1854,_,挺好用的
1855,物流速度,很快
1856,_,不错
1857,_,不是粉
1857,_,很重
1858,_,挺清爽的
1858,_,不油腻
1859,活动,好划算
1860,美白效果,还是有
1861,_,不够好
1862,_,不错
1862,_,好评
1863,_,是正品
1863,_,很好用
1864,_,不错
1864,_,很好用
1864,快递小哥,这么给力
1865,卸妆,很干净
1865,_,温和不刺激
1865,_,滑滑的
1866,物流,很快
1867,物流,超快
1867,_,很好
1868,_,还不错
1870,赠品,挺好的
1871,_,很不错
1871,增白效果,_
1872,_,不错
1872,_,挺好用的
1872,_,干净
1872,_,不紧绷
1873,_,很好
1873,送货,快炒鸡
1873,_,很满意
1874,_,很适合
1876,_,自然
1876,遮瑕,不是很好
1878,_,非常满意
1879,活动,很划算
1880,_,太严重
1881,_,很好用
1881,_,嫩嫩的
1882,粉质,服帖
1883,_,水水的
1883,_,滑滑的
1883,补水效果,可以
1884,_,挺好用的
1885,_,很高
1885,_,很实惠
1885,_,很满意
1885,速度,超快
1886,_,不错
1887,_,很喜欢
1888,_,很自然
1888,_,很细腻
1888,_,不干
1888,_,不过敏
1888,_,真的不错
1889,隔离,_
1890,大盒,_
1891,_,还不错
1892,活动价格,还不错
1893,_,还不错
1894,_,好用
1895,_,清爽
1895,_,不油腻
1895,吸收,很快
1895,_,方便取
1896,_,非常好
1897,_,很好
1899,服务态度,一点也不好
1899,_,还过敏
1900,物流,好给力
1900,_,喜欢
1901,_,不错
1902,_,还可以
1902,_,实惠
1903,_,挺不错的
1904,速度,太快
1904,_,不错
1904,味道,挺好闻的
1905,_,还可以
1905,_,间用
1906,_,细腻柔软
1906,_,用着舒服～
1906,包装,很好
1907,_,喜欢
1907,垫妆,非常好
1908,_,好用
1908,_,不紧绷
1909,活动,更划算
1910,_,比较滋润
1911,_,不错
1911,颜色,比较自然
1912,补水效果,还不油腻
1912,_,好评
1913,_,挺好的
1914,包装,没有损
1914,_,没有少
1916,效果,不错
1916,味道,淡淡的
1916,_,挺好闻
1917,_,不错
1917,_,很喜欢
1918,_,非常容易
1918,_,不错
1919,_,很快
1920,_,不好用
1920,_,没有
1921,_,很服帖
1921,_,清爽
1921,_,不粘
1921,_,喜欢
1922,_,不错
1922,_,很大的
1922,赠品,物美价廉
1923,_,不错
1924,_,很满意
1925,保装盒？,_
1926,_,挺水润的
1927,_,好用
1927,_,不过敏
1928,价格,非常实惠
1928,_,很舒服
1928,_,非常喜欢
1929,_,还可以
1930,_,很好
1930,价格,非常实惠
1930,服务,非常热情
1931,_,清爽
1931,_,不油腻
1931,_,很喜欢
1932,_,挺好的
1933,_,物美价廉
1933,_,货真价实
1933,_,五星好评
1934,_,还可以
1934,补水,_
1935,_,超级划算
1935,_,很舒服
1935,_,赞赞
1936,_,一般
1936,精华,太少
1937,_,还不错
1937,_,还行可以
1938,_,不不错
1939,_,很不错
1940,_,超棒的
1941,_,不错
1942,活动,非常合算
1942,_,剩余
1943,活动,_
1944,_,非常好
1945,包装,是正品
1946,_,非常好用
1947,_,红肿
1948,_,很划算
1948,_,很舒服
1949,_,一般般
1949,_,很干
1949,_,抹不开
1949,_,不服帖
1950,_,不错
1950,包装,精美
1950,日期,新鲜
1952,_,细腻
1952,_,丰富
1952,_,轻微紧绷感
1953,_,还不错
1953,价格,实惠
1954,赠品,_
1955,_,挺水润的
1955,_,很喜欢
1956,_,很好用
1957,_,是正品
1958,香味,淡淡的
1958,_,蛮好
1958,_,不油腻
1958,增白效果,_
1959,保湿效果,不错
1959,服务态度,很好
1959,发货速度,很满意
1960,_,非常好用
1960,_,滋润
1960,_,保湿
1960,_,不过敏
1961,物流,一般
1961,快递盒,_
1961,包装,_
1962,快递,挺快的
1962,包装,很好
1962,快递员服务,_
1962,遮瑕效果,不很好
1963,_,还没填
1964,_,不错
1964,赠品,好用
1964,_,很实惠
1965,_,还不错
1966,快递,真快
1966,包装,有点简陋
1966,盒子,有稍许破损
1967,_,非常满意
1968,_,比较方便
1969,_,不太好用
1969,_,太干
1970,_,挺好的
1970,_,自然
1970,_,不显假
1971,优惠力度,很好用
1972,物流,好快
1973,_,蛮清爽的
1974,_,眼周围
1974,_,很刺眼
1974,_,垃圾
1975,_,很明显
1975,_,很自然
1975,味道,很不错的
1975,_,很清新
1975,_,很不错
1977,_,不错
1978,_,挺大一罐
1978,味道,还行
1978,_,有点点白
1979,发货速度,很快
1980,活动,很实惠
1980,赠品,_
1981,_,很满意
1981,味道,不大喜欢
1981,_,很舒服的
1981,_,很不错
1982,_,挺好用的
1982,_,比较服帖
1982,_,自然
1982,送过速度,很快
1982,_,好评
1983,_,还可以
1983,价格,优惠
1983,_,好评
1984,_,应该是正品
1985,_,超划算
1985,_,挺补水的
1986,_,挺好的
1986,遮瑕效果,不错
1986,肤色,提亮
1986,_,好多
1986,赠品,_
1987,活动,挺好用的
1987,_,还不错
1987,_,很均匀
1987,_,小清香
1989,_,挺好的
1990,_,非常好用
1990,价格,不贵
1991,_,很好用
1991,_,很适合
1992,_,好用
1992,_,好用
1992,_,好用
1993,_,不脱妆
1993,性价比,_
1994,_,很适合
1995,_,没有那么好
1995,味道,淡淡的
1995,_,淡淡的还行
1996,_,很滋润
1996,_,不干
1996,_,还遮瑕
1997,_,特别喜欢
1997,_,特别舒服
1997,_,不刺激
1998,_,是正品
1998,味道,淡淡的
1998,香味,很棒
1998,_,很多小
1998,礼品,_
2000,_,天呐
2000,_,好多
2000,_,好实惠
2000,_,非常好用
2001,物流,还行
2001,_,不太好
2001,_,还是不合适
2002,_,挺不错的
2003,_,非常好看
2003,_,不墙白
2003,颜色,_
2003,颜色自然,_
2003,外壳,好看
2005,_,挺好的
2006,_,挺柔和的
2006,_,不刺激
2007,_,挺好用的
2007,保湿效果,很好
2007,_,最好用
2008,_,凉凉的
2009,_,一般般
2010,_,非常好用
2011,补水效果,不错
2012,_,很温和
2013,_,不错
2014,_,挺好的
2015,_,很锁水
2015,_,不会腻
2016,_,蛮干净的
2017,隔离效果,滋润
2017,_,美白
2018,_,补水
2018,_,保湿
2018,_,可以
2018,_,五星好评
2019,_,很差
2019,客服态度,不好
2019,_,没有
2020,_,不错
2021,_,不过敏
2021,味道,_
2021,泡沫,_
2022,_,特别好
2022,_,还不错
2022,_,没有搓泥什么的
2023,_,很好
2024,_,物美价廉
2024,发货,很快
2024,_,五星好评
2026,清洗后效果,很不错
2028,_,一般般
2029,_,好补水
2029,_,还可以
2029,_,比较轻薄
2031,_,特别补水
2032,_,细腻
2032,_,自然
2032,_,很多
2032,赠品,太好
2033,_,挺好用
2034,卸妆,很温和
2034,_,还不错
2034,_,挺舒服的
2034,_,很划算
2034,_,超级实惠
2034,_,很好用
2035,_,非常好用
2035,活动,超级划算
2036,_,垃圾
2036,_,差评
2037,送货,特别快
2037,_,非常感
2037,_,太划算
2038,_,很不错
2038,_,很不错呀实惠
2039,_,不错
2039,_,好用
2040,_,很不错
2040,味道,_
2041,_,很轻薄
2042,_,是正品
2043,物流,很快
2043,_,挺不错
2044,_,很给力
2045,价钱,挺好的
2046,_,一股臭
2047,_,还不错
2048,_,真的好用
2048,精华,特别多
2049,_,评价
2049,_,很喜欢
2049,_,淡淡的
2049,香味,不腻
2050,_,还行
2050,包装,还可以
2051,_,很自然
2051,_,白的好假
2051,_,自然的美
2051,_,不错
2052,_,好用
2052,_,很服帖
2053,_,否正品
2054,_,发干
2054,_,严重
2055,_,挺好的
2056,优惠力度,_
2057,_,便宜太多了
2058,价格,实惠
2058,送货,_
2059,_,不错
2059,_,爱妻
2059,_,非常喜欢
2059,快递小哥服务到位,_
2060,_,很清爽
2061,味道,淡淡的
2062,_,难闻
2062,_,不会起泡泡
2063,_,挺好的
2065,_,好用
2065,_,特别湿润
2065,_,还有弹力
2065,补水效果,没得
2065,_,细致
2065,_,补水
2065,_,神器
2066,_,很好
2067,_,很少
2067,_,不一样
2067,味道,还勉
2067,_,强可以
2067,_,不像是正品
2068,_,香中带着
2068,_,难闻的
2068,气味,不好用
2068,_,好用
2069,_,好用
2070,_,很严重
2071,物流,超快
2071,_,是正品
2072,_,正品
2072,补水效果,很好
2072,_,刺激
2073,_,特别薄
2073,_,很服帖
2073,_,容量多
2073,香味,有点重
2074,_,好不好用
2074,包装,太差
2075,_,很服帖
2075,_,挺遮毛孔的
2075,持妆效果,不错
2075,_,没问题
2076,_,不错
2076,_,很喜欢
2077,_,还可以
2077,价格,合理
2078,_,不错
2078,_,还可以
2078,_,不错
2079,_,很好
2079,遮暇效果,不错
2079,快递,很快
2079,_,满意
2080,_,很划算
2081,_,很服帖
2081,_,很好看
2081,味道,香香的
2081,_,很不错
2082,_,很水润
2082,_,很服帖
2082,_,很划算
2083,_,还可以
2083,_,很好吸收
2083,盖子,很蠢
2084,_,蛮好的
2085,_,好评
2086,_,不少
2086,客服小茜服务,很好
2087,_,蛮好的
2088,_,还不错
2089,_,很不错
2089,价格,适中
2091,_,好用
2092,_,是正品
2092,_,挺滋润
2092,_,特别方便
2092,快递,非常快
2093,_,很好用
2094,正品,很好用
2095,_,好用
2095,_,非常喜欢
2096,_,挺好的
2097,_,很补水
2098,_,一如既往的喜欢
2099,物流,很快
2099,_,很满意
2100,_,很不错
2100,_,容易抹开
2100,_,很喜欢
2101,_,很多次
2101,_,很划算
2102,_,刺鼻
2102,气味,不是正品
2103,包装,精美
2103,_,物美价廉
2103,_,非常值
2104,_,很喜欢
2104,上妆,特别服帖
2104,物流,很快
2104,价格,实惠
2105,_,很棒
2106,_,很好用
2106,快递,很快
2106,_,是正品
2107,_,还不错
2107,_,挺自然
2107,遮瑕,不太好
2108,活动价下,划算
2110,_,不错
2110,盖子,_
2110,盖子设计,太狗血
2110,_,好难盖
2111,_,非常好
2111,快递速度,很快
2112,_,比较便宜
2113,_,过敏
2113,_,太干
2114,性价比,很不错
2115,_,挺好的
2116,_,挺好的
2117,_,有点刺痛
2118,包装,不好
2119,_,很好用
2119,_,很划算
2119,_,太满意
2120,补水效果,很不错
2121,_,洗得干净
2121,泡沫,丰富
2121,_,不是特紧绷
2121,物流,好评
2122,_,超级好用
2122,_,非常保湿
2122,_,特别好
2123,_,还可以
2124,_,好用
2124,_,不紧绷
2124,_,很舒服
2125,_,不错用
2126,_,是正品
2126,补水效果,很好
2127,赠品,没有
2128,_,好用
2129,_,不错
2129,_,不会过敏
2129,_,比较适合
2129,价格,不贵
2130,清洁度,中等
2130,_,很柔和舒服
2130,_,很OK
2131,质量,非常好
2132,_,很好
2132,_,很补水
2134,服务态度,很好
2134,_,很好用
2135,包装,很好用
2136,活动,特别划算
2136,补水效果,不错
2137,物流,很快
2138,_,很喜欢
2138,_,提肤色
2138,_,很自然
2138,香味,优然
2138,物流,超快
2139,_,喜欢得不得了
2141,物流,很快
2141,_,不错
2142,_,还不错
2143,_,温和型
2143,_,很好用
2144,补水效果,非常好
2145,物流,很快
2145,_,还不错
2146,包装,不错
2147,_,非常好
2147,_,保湿
2147,_,贴皮肤
2148,_,超级贴心的
2148,服务,淡淡的
2148,香味,蛮保湿的
2148,赠品,很好
2149,活动,最合适
2150,包装,挺好的
2151,_,很好用
2152,_,很好用
2152,补水效果,超好的
2153,_,很好
2155,_,很好用
2155,保养,_
2156,包装,不太好
2156,快递服务态度,很好
2157,物流,给力
2158,补水效果,很好
2158,_,没有
2159,配送小哥,棒棒哒
2160,_,香香的
2160,_,很好
2161,_,太香了
2162,_,非常好
2162,价钱,给力
2162,_,还优惠
2162,_,心实惠
2163,_,很补水
2164,_,非常好用
2164,隔离,_
2165,味道,太刺鼻
2165,_,没有泡沫
2165,_,不好
2166,_,香香的
2166,_,很细腻
2166,_,滑滑的
2166,_,很舒服
2167,_,不错
2167,_,很实惠
2168,_,滑滑的
2168,_,干净
2169,_,还可以
2170,快递,真的好快
2171,_,是快
2172,价格,没差别
2173,_,奇怪的
2173,_,奇怪的味道
2173,_,还可以
2174,_,不错
2175,_,一般
2175,_,不干净
2176,味道,超级好用
2176,_,超级好用
2177,粉扑,不怎么好
2177,_,不方便
2177,颜色,不是很自然
2178,_,还行吧
2179,_,接受的油腻
2179,_,很好
2179,气味,不太好闻
2180,_,很好用
2181,_,很好用
2181,_,好评
2182,_,挺便宜
2183,物流,好快
2184,_,还可以
2184,送包装,_
2185,_,挺好的
2186,_,还可以吧
2187,物流,是正品
2188,包装盒,没有
2188,_,还行
2189,快递,_
2190,隔离,_
2190,香味,很喜欢
2190,_,很淡
2191,活动,挺划算
2192,发货,很快
2192,_,省心
2192,_,省时
2192,_,省力
2193,_,很好用
2194,包装,_
2194,物流,不卡粉
2194,_,很润
2194,_,很满意
2195,_,适合
2196,味道,好闻
2197,_,不是太好用
2198,发货,_
2198,包装,好看
2198,_,满意
2199,_,很划算
2200,_,还可以
2201,_,很好
2202,包装,一般
2202,_,很精致
2202,量问,不是很好
2204,_,有泡沫
2204,_,不细腻
2204,味道,还行
2205,_,没过敏
2205,补水,还可以
2205,_,不错
2206,_,不错
2206,_,挺好
2206,_,温和
2206,_,不刺激
2206,_,不错
2208,活动,很便宜
2208,性价比,挺高的
2208,_,不心疼
2209,_,还行
2209,价格,不贵
2209,_,经济
2209,_,实惠
2210,_,不错
2210,_,很自然
2211,_,喜欢
2211,_,超级喜欢
2212,_,便宜点
2212,_,更贵
2213,_,超级棒
2213,补水效果,挺不错
2214,物流,挺快的
2214,_,还不错
2214,_,挺舒服的
2215,包装,不好
2216,_,挺好的
2216,_,细腻
2216,_,有光泽
2216,赠品,不错
2217,_,超划算
2217,_,很好
2218,_,不错
2219,_,特别开心
2219,_,特别好用
2220,客服,耐心
2221,补水效果,很好
2222,_,有点偏干
2222,_,不润
2223,_,挺好
2223,_,挺适合
2224,清洁效果,还可以
2224,_,比较优惠些
2225,_,一般
2225,_,一般
2225,价格,_
2227,_,不错
2227,_,好评
2228,_,挺好的
2229,包装,很好
2229,_,棒棒哒
2229,_,是正品
2230,_,不错
2230,_,划算
2231,_,很细腻
2231,_,有点少
2232,物流,超快
2232,_,很好用
2233,_,挺显白的
2234,_,很不错
2234,_,容易推开
